Word,Sentence,MonoDefinition,pictureURL,English625Word,Tags,Part of speech
à¸à¸±à¸à¹à¸ªà¸à¸,à¸à¸¸à¸à¸à¸¹à¹à¸«à¸¡à¸·à¸­à¸à¸à¸±à¸à¹à¸ªà¸à¸à¹à¸¥à¸¢,à¸à¸à¸à¸µà¹à¸à¸³à¸­à¸²à¸à¸µà¸à¹à¸¥à¹à¸à¸à¸à¸à¸²à¸à¹à¸à¹à¸à¸à¸±à¸§à¸¥à¸°à¸à¸£à¸à¹à¸²à¸à¹ à¹à¸à¸¥à¸°à¸à¸£ à¸ à¸²à¸à¸¢à¸à¸à¸£à¹ à¸«à¸£à¸·à¸­à¸£à¸²à¸¢à¸à¸²à¸£à¹à¸à¸£à¸à¸±à¸¨à¸à¹,https://m.media-amazon.com/images/M/MV5BZTIyZWY4ZjktOGJiZi00NGFkLTllMjctZjJjMmNiMjIxOTY2XkEyXkFqcGc@._V1_.jpg,actor,Job,Noun
à¸ªà¸µà¸à¸³,à¹à¸£à¸·à¸­à¸à¸µà¹à¸¡à¸µà¹à¸à¹à¸£à¸·à¸­à¸ªà¸µà¸à¸³à¸à¸°,à¸ªà¸µà¸à¸µà¹à¸¡à¸·à¸à¸à¸µà¹à¸ªà¸¸à¸ à¹à¸¡à¹à¸¡à¸µà¹à¸ªà¸à¸ªà¸°à¸à¹à¸­à¸ à¸¡à¸µà¸¥à¸±à¸à¸©à¸à¸°à¹à¸«à¸¡à¸·à¸­à¸à¸à¹à¸²à¸à¸«à¸£à¸·à¸­à¸à¹à¸­à¸à¸à¹à¸²à¹à¸à¹à¸§à¸¥à¸²à¸à¸¥à¸²à¸à¸à¸·à¸à¸à¸µà¹à¹à¸¡à¹à¸¡à¸µà¸à¸²à¸§,https://images.photowall.com/products/60491/black-paint-splatter.jpg?h=699&q=85,black,Color,Noun
à¸à¸´à¸à¹à¸«à¸à¸µà¸¢à¸§,à¹à¸à¸²à¸ªà¸£à¹à¸²à¸à¸à¹à¸²à¸à¹à¸à¸¢à¹à¸à¹à¸à¸´à¸à¹à¸«à¸à¸µà¸¢à¸§à¹à¸à¸à¸­à¸´à¸,à¸à¸´à¸à¸à¸à¸´à¸à¸«à¸à¸¶à¹à¸à¸à¸µà¹à¸¡à¸µà¹à¸à¸·à¹à¸­à¸¥à¸°à¹à¸­à¸µà¸¢à¸ à¹à¸¡à¸·à¹à¸­à¸à¸ªà¸¡à¸à¹à¸³à¸à¸°à¸à¸´à¹à¸¡à¹à¸¥à¸°à¸à¸±à¹à¸à¹à¸à¹à¸à¸£à¸¹à¸à¸£à¹à¸²à¸à¸à¹à¸²à¸à¹ à¹à¸à¹ à¹à¸à¹à¸à¸³à¹à¸à¸£à¸·à¹à¸­à¸à¸à¸±à¹à¸à¸à¸´à¸à¹à¸à¸²,"https://m.media-amazon.com/images/I/51ZLMp21XhL._AC_UF894,1000_QL80_.jpg",clay,Materials,Noun
à¹à¸£à¸,à¸à¸à¹à¸à¹à¸à¸±à¹à¸à¸£à¸­à¸«à¸¡à¸­à¸§à¸´à¸à¸´à¸à¸à¸±à¸¢à¹à¸£à¸,à¸à¸§à¸²à¸¡à¹à¸à¹à¸à¸à¹à¸§à¸¢ à¸à¸²à¸£à¸à¸²à¸à¹à¸à¹à¸ à¸à¸§à¸²à¸¡à¸à¸´à¸à¸à¸à¸à¸´à¸à¸­à¸à¸£à¹à¸²à¸à¸à¸²à¸¢à¸«à¸£à¸·à¸­à¸à¸´à¸à¹à¸ à¹à¸¥à¸°à¸«à¸¡à¸²à¸¢à¸à¸§à¸²à¸¡à¸£à¸§à¸¡à¸à¸¶à¸à¸­à¸²à¸à¸²à¸£à¸à¸µà¹à¹à¸à¸´à¸à¸à¸²à¸à¸ à¸²à¸§à¸°à¸à¸±à¸à¸à¸¥à¹à¸²à¸§à¸à¹à¸§à¸¢,https://www.statnews.com/wp-content/uploads/2024/12/AdobeStock_316940260-645x645.jpeg,disease,Body,Noun
à¸à¸¸à¸à¸¨à¸±à¸à¸à¹,à¸à¸±à¸à¹à¸à¸µà¸¢à¸à¸£à¸¸à¹à¸à¹à¸«à¸¡à¹à¸¡à¸±à¸à¸à¸°à¹à¸à¸¥à¸­à¹à¸à¹à¸à¸¸à¸à¸¨à¸±à¸à¸à¹à¸¡à¸²à¸à¹à¸à¸´à¸à¹à¸,[à¸à¸¸à¸à¸à¸°-] (à¹à¸§) à¸. à¸à¸³à¸à¸¸à¸ à¸«à¸£à¸·à¸­ à¸§à¸´à¹à¸¨à¸©à¸à¹.,https://iamadriancardona.com/wp-content/uploads/2014/09/glasshalfemptyfull.jpg,adjective,Misc Nouns,Noun
à¸à¸²à¸à¸­à¸,à¸à¸à¸à¸²à¸à¸­à¸à¸à¹à¸­à¸à¹à¸à¸´à¹à¸¡à¸à¸§à¸²à¸¡à¸à¸¢à¸²à¸¢à¸²à¸¡à¹à¸à¸à¸²à¸£à¸à¸±à¸à¸à¹à¸§à¸¢à¸«à¸¹à¹à¸«à¹à¸¡à¸²à¸à¸à¸§à¹à¸²à¸à¸à¸à¸£à¸£à¸¡à¸à¸²,à¸¥à¸±à¸à¸©à¸à¸°à¸à¸µà¹à¸à¸²à¸¡à¸­à¸à¹à¸¡à¹à¹à¸«à¹à¸,https://static0.thegamerimages.com/wordpress/wp-content/uploads/2022/02/Elden-Ring-Prophet-Class.jpg,blind,Adjectives,Adjective
à¸à¸³à¸à¸§à¸²à¸¡à¸ªà¸°à¸­à¸²à¸,à¹à¸¡à¹à¸à¹à¸²à¸à¸à¸³à¸¥à¸±à¸à¸à¸³à¸à¸§à¸²à¸¡à¸ªà¸°à¸­à¸²à¸à¸«à¹à¸­à¸à¸à¸­à¸à¸à¸±à¹à¸à¸à¸,à¸à¸³à¹à¸«à¹à¸ªà¸°à¸­à¸²à¸,https://d2u1z1lopyfwlx.cloudfront.net/thumbnails/bde3c4c7-6014-53f8-9ccf-5dfc434d5aca/13cba02d-0f5e-51e3-9b44-98b563b02020.jpg,clean,Verbs,Verb
à¸«à¸¡à¸­,à¹à¸¥à¹à¸§à¸«à¸¡à¸­à¸§à¹à¸²à¹à¸à¸à¹à¸²à¸,à¸à¸¹à¹à¸£à¸±à¸à¸©à¸²à¹à¸£à¸,https://encrypted-tbn0.gstatic.com/images?q=tbn:ANd9GcRXpRHdXFtP1KTaZ0A3XiyV3SegZFR2TISl5KzUmTJbMUHp3E3WA2ncOJa8iWhArI0jTCE&usqp=CAU,doctor,Job,Noun
à¸à¸¹à¹à¹à¸«à¸à¹,à¹à¸à¸²à¹à¸¡à¹à¹à¸à¹à¹à¸à¹à¸à¸­à¸µà¸à¸à¹à¸­à¹à¸à¹à¸¥à¹à¸§ à¹à¸à¹à¹à¸à¸²à¸à¹à¸¢à¸±à¸à¹à¸¡à¹à¹à¸à¹à¸à¸¹à¹à¹à¸«à¸à¹à¹à¸à¹à¸¡à¸à¸±à¸§,"à¸. à¸à¸à¸à¸µà¹à¸¡à¸µà¸­à¸²à¸¢à¸¸à¸¡à¸²à¸, à¸à¸¸à¸à¸à¸¥à¸à¸µà¹à¸¡à¸µà¸­à¸²à¸¢à¸¸à¸à¸£à¸ à¹à¹ à¸à¸µà¸à¸£à¸´à¸à¸¹à¸£à¸à¹à¹à¸¥à¹à¸§, à¸à¸à¸à¸µà¹à¹à¸à¹à¸à¸«à¸±à¸§à¸«à¸à¹à¸²à¹à¸à¸à¸²à¸£à¸à¸²à¸, à¸à¸¸à¸à¸à¸¥à¸à¸±à¹à¸à¸à¸¹à¹à¸à¸±à¸à¸à¸±à¸à¸à¸±à¸à¸à¸².",https://d2u1z1lopyfwlx.cloudfront.net/thumbnails/df020f4c-8dc6-5eff-a1a3-08b81b31e83d/89685230-6176-531e-853e-38edcc34e02e.jpg,adult,People,Noun
à¹à¸¥à¸·à¸­à¸,à¸à¸±à¸à¸¨à¸¶à¸à¸©à¸²à¸à¸µà¹à¸¡à¸²à¸à¸¸à¸¡à¸à¸¸à¸¡à¸«à¸à¹à¸²à¸à¸³à¹à¸à¸µà¸¢à¸à¸£à¸±à¸à¸à¸²à¸¥à¸à¸£à¸µà¸à¹à¸¥à¸·à¸­à¸à¹à¸à¸µà¸¢à¸à¸«à¸à¸±à¸à¸ªà¸·à¸­à¸à¸£à¸°à¸à¹à¸§à¸à¸£à¸±à¸à¸¡à¸à¸à¸£à¸µ,à¸à¸­à¸à¹à¸«à¸¥à¸§à¸à¸à¸à¸´à¸¡à¸µà¸ªà¸µà¹à¸à¸à¸­à¸¢à¸¹à¹à¹à¸à¸«à¸¥à¸­à¸à¹à¸¥à¸·à¸­à¸à¹à¸¥à¸°à¸«à¸±à¸§à¹à¸à¸à¸­à¸à¸à¸à¹à¸¥à¸°à¸ªà¸±à¸à¸§à¹ à¸à¸£à¸°à¸à¸­à¸à¸à¹à¸§à¸¢à¸à¹à¸³à¹à¸¥à¸·à¸­à¸à¹à¸¥à¸°à¹à¸¡à¹à¸à¹à¸¥à¸·à¸­à¸ à¸ªà¹à¸§à¸à¸à¸µà¹à¹à¸à¹à¸à¸ªà¸µà¹à¸à¸à¹à¸à¸´à¸à¸à¸²à¸à¸ªà¸µà¹à¸à¹à¸¡à¹à¸à¹à¸¥à¸·à¸­à¸à¹à¸à¸ à¸ªà¸±à¸à¸§à¹à¹à¸¡à¹à¸¡à¸µà¸à¸£à¸°à¸à¸¹à¸à¸ªà¸±à¸à¸«à¸¥à¸±à¸,https://www.shutterstock.com/image-photo/borderline-selfharm-blood-on-arm-260nw-1420238162.jpg,blood,Body,Noun
à¸ªà¸°à¸­à¸²à¸,à¸à¸£à¸£à¸¢à¸²à¸à¸²à¸¨à¹à¸¥à¸°à¸ªà¸´à¹à¸à¹à¸§à¸à¸¥à¹à¸­à¸¡à¸à¸µà¹à¸à¸±à¹à¸à¸ªà¸à¸à¹à¸¥à¸°à¸ªà¸°à¸­à¸²à¸à¸à¸µ,"à¸§. à¹à¸¡à¹à¸ªà¸à¸à¸£à¸ à¹à¸à¹à¸ à¹à¸ªà¸·à¹à¸­à¸à¹à¸²à¸ªà¸°à¸­à¸²à¸ à¸à¹à¸²à¸à¹à¸£à¸·à¸­à¸à¸ªà¸°à¸­à¸²à¸ à¸à¹à¸³à¸ªà¸°à¸­à¸²à¸, à¸«à¸¡à¸à¸à¸, à¸à¹à¸­à¸à¹à¸ª, à¹à¸à¹à¸ à¸à¸´à¸à¹à¸à¸ªà¸°à¸­à¸²à¸, à¹à¸¡à¹à¸¡à¸µà¸à¸³à¸«à¸à¸´, à¸à¸£à¸´à¸ªà¸¸à¸à¸à¸´à¹, à¹à¸¡à¹à¸à¸¸à¸à¸£à¸´à¸, à¹à¸à¹à¸ à¹à¸à¸²à¹à¸à¹à¸à¸à¸à¹à¸à¸à¸·à¹à¸­à¸¡à¸·à¸­à¸ªà¸°à¸­à¸²à¸.",https://t3.ftcdn.net/jpg/10/00/37/46/360_F_1000374608_ogHW2JhSUjy19dcTB7sJBTFbCpRE9We4.jpg,clean,Adjectives,Adjective
à¸«à¸¡à¸²,à¹à¸ªà¸µà¸¢à¸à¹à¸«à¹à¸²à¸à¸­à¸à¸«à¸¡à¸²à¸¢à¸²à¸¡à¸à¹à¸³à¸à¸·à¸à¹à¸à¹à¸à¸ªà¸´à¹à¸à¸à¸µà¹à¸ªà¸¡à¸à¸¸à¸à¸à¸°à¸à¹à¸­à¸à¸à¸¶à¹à¸à¸à¸²à¸­à¸²à¸¨à¸±à¸¢à¸­à¸¢à¸¹à¹à¹à¸ªà¸¡à¸­,à¸à¸·à¹à¸­à¸ªà¸±à¸à¸§à¹à¹à¸¥à¸µà¹à¸¢à¸à¸¥à¸¹à¸à¸à¹à¸§à¸¢à¸à¸¡ à¸¥à¸³à¸à¸±à¸§à¸¡à¸µà¸à¸à¸à¸à¸à¸¥à¸¸à¸¡ à¸¡à¸µà¹à¸à¸µà¹à¸¢à¸§ 2 à¸à¸¹à¹ à¸à¸µà¸à¸«à¸à¹à¸²à¸¡à¸µ 5 à¸à¸´à¹à¸§ à¸à¸µà¸à¸«à¸¥à¸±à¸à¸¡à¸µ 4 à¸à¸´à¹à¸§ à¸à¹à¸­à¸à¹à¸¥à¹à¸à¹à¸¡à¹à¹à¸à¹,lola.jpg,dog,Animal,Noun
à¸à¸­à¸à¸à¹à¸²à¸¢,à¸à¸­à¸à¸à¹à¸²à¸¢à¸à¸­à¸à¸à¸¸à¸à¸§à¸±à¸à¸à¸±à¸à¸à¸£à¹ à¸à¸°à¸¡à¸µà¸£à¸²à¸¢à¸à¸²à¸£à¸ à¸²à¸à¸¢à¸à¸à¹à¸ªà¸²à¸£à¸à¸à¸µ,à¸à¹à¸§à¸à¹à¸§à¸¥à¸²à¸«à¸¥à¸±à¸à¹à¸à¸µà¹à¸¢à¸à¸à¸¶à¸à¹à¸¢à¹à¸,https://images.fineartamerica.com/images/artworkimages/mediumlarge/3/good-afternoon-bangkok-daniel-chen.jpg,afternoon,Time,Noun
à¸ªà¸µà¸à¹à¸²,à¸à¸à¸à¸µà¹à¹à¸ªà¹à¸à¸¸à¸à¸ªà¸µà¸à¹à¸²,à¸ªà¸µà¸à¸µà¹à¸¡à¸µà¸¥à¸±à¸à¸©à¸à¸°à¹à¸«à¸¡à¸·à¸­à¸à¸à¹à¸­à¸à¸à¹à¸²à¹à¸à¸§à¸±à¸à¸à¸µà¹à¸­à¸²à¸à¸²à¸¨à¹à¸à¹à¸¡à¹à¸ª à¸«à¸£à¸·à¸­à¸ªà¸µà¸à¸­à¸à¸à¹à¸³à¸à¸°à¹à¸¥à¸¥à¸¶à¸,https://as2.ftcdn.net/v2/jpg/00/67/07/23/1000_F_67072330_4YsYjEtyP8rGQL5R92Cr9y0miledAaL5.jpg,blue,Color,Noun
à¸à¸²à¸¬à¸´à¸à¸²,à¹à¸à¹à¸²à¹à¸à¹à¸à¸­à¸à¸ªà¸°à¸ªà¸¡à¸à¸²à¸¬à¸´à¸à¸²à¸à¸±à¹à¸à¹à¸à¹à¸ªà¸¡à¸±à¸¢à¹à¸à¸£à¸²à¸à¹à¸£à¸·à¹à¸­à¸¢à¸¡à¸²,"(à¹) à¸. à¹à¸à¸£à¸·à¹à¸­à¸à¸à¸­à¸à¹à¸§à¸¥à¸² à¸¡à¸µà¸«à¸¥à¸²à¸¢à¸à¸à¸´à¸ à¹à¸à¹à¸ à¸à¸²à¸¬à¸´à¸à¸²à¸à¸¥à¸¸à¸ à¸à¸²à¸¬à¸´à¸à¸²à¸à¸ à¸à¸²à¸¬à¸´à¸à¸²à¸à¹à¸­à¸¡à¸·à¸­, à¸¥à¸±à¸à¸©à¸à¸à¸²à¸¡à¸§à¹à¸² à¹à¸£à¸·à¸­à¸ (à¹à¸à¸µà¸¢à¸ à¸ª. à¸à¸²à¸à¸´à¸à¸² à¸§à¹à¸² à¹à¸à¸£à¸·à¹à¸­à¸à¸à¸³à¸«à¸à¸à¹à¸§à¸¥à¸²).; (à¹) à¸. à¸à¹à¸§à¸à¹à¸§à¸¥à¸²à¸à¸´à¸à¸à¸²à¸¡à¸à¸±à¹à¸§à¹à¸¡à¸ à¹à¸à¹à¸ à¹ à¸à¸±à¹à¸§à¸à¸²à¸¬à¸´à¸à¸² = à¹ à¸à¸±à¹à¸§à¹à¸¡à¸, à¹à¸à¹à¹à¸à¹à¸à¸¡à¸²à¸à¸£à¸²à¸à¸­à¸à¹à¸§à¸¥à¸² à¹à¸à¹à¸ à¹ à¸à¸²à¸¬à¸´à¸à¸² à¹ à¸à¸²à¸¬à¸´à¸à¸² ... à¹à¹ à¸à¸²à¸¬à¸´à¸à¸², à¹à¸à¸µà¸¢à¸à¸¢à¹à¸­à¹à¸à¹à¸ à¸. (à¹à¸à¸µà¸¢à¸ à¸ª. à¸à¸²à¸à¸´à¸à¸² à¸§à¹à¸² à¹à¸à¸£à¸·à¹à¸­à¸à¸à¸³à¸«à¸à¸à¹à¸§à¸¥à¸²).",https://howardmiller.com/cdn/shop/files/611030_airoom.jpg?v=1759413030&width=1946,clock,Electronics,Noun
à¸à¸­à¸¥à¸¥à¹à¸²à¸£à¹,à¸à¸­à¸¥à¸¥à¹à¸²à¸£à¹à¸ªà¸«à¸£à¸±à¸à¸¢à¸±à¸à¸à¸à¹à¸à¹à¸à¸ªà¸à¸¸à¸¥à¹à¸à¸´à¸à¸«à¸¥à¸±à¸à¹à¸à¸à¸²à¸£à¸à¹à¸²à¹à¸¥à¸,à¸à¸­à¸¥à¸¥à¹à¸²à¸£à¹à¸ªà¸«à¸£à¸±à¸ à¸à¸·à¸­ à¸ªà¸à¸¸à¸¥à¹à¸à¸´à¸à¸«à¸¥à¸±à¸à¸à¸­à¸à¸à¸£à¸°à¹à¸à¸¨à¸ªà¸«à¸£à¸±à¸à¸­à¹à¸¡à¸£à¸´à¸à¸² à¹à¸à¹à¸ªà¸±à¸à¸¥à¸±à¸à¸©à¸à¹ $ à¹à¸¥à¸°à¹à¸à¹à¸à¸ªà¸à¸¸à¸¥à¹à¸à¸´à¸à¸ªà¸³à¸£à¸­à¸à¸à¸µà¹à¸ªà¸³à¸à¸±à¸à¸à¸­à¸à¹à¸¥à¸,https://www.smoney.com.au/wp-content/uploads/2020/01/US-1-5-10-20-50-100-dollar-banknotes.jpg,dollar,Society,Noun
à¹à¸à¸´à¸à¸à¸²à¸,à¹à¸à¸´à¸à¸à¸²à¸à¹à¸à¹à¸à¸ªà¸à¸¸à¸¥à¹à¸à¸´à¸à¸à¸µà¹à¹à¸à¹à¹à¸à¸à¸£à¸°à¹à¸à¸¨à¹à¸à¸¢à¸¡à¸²à¸à¸±à¹à¸à¹à¸à¹à¸ªà¸¡à¸±à¸¢à¹à¸à¸£à¸²à¸,à¸ªà¸à¸¸à¸¥à¹à¸à¸´à¸à¸à¸µà¹à¹à¸à¹à¹à¸à¸à¸£à¸°à¹à¸à¸¨à¹à¸à¸¢,https://thumb.photo-ac.com/21/2119bd1b8b3deabcfc63cb1894ca47e1_t.jpeg,baht,Society,Noun
à¸­à¸²à¸à¸²à¸¨,à¸à¸à¹à¸£à¸²à¸à¸°à¸¡à¸µà¸à¸µà¸§à¸´à¸à¸­à¸¢à¸¹à¹à¹à¸¥à¸°à¸£à¹à¸²à¸à¸à¸²à¸¢à¹à¸à¹à¸à¹à¸£à¸à¸à¹à¸²à¹à¸à¹à¸«à¸²à¸¢à¹à¸à¹à¸­à¸²à¸­à¸²à¸à¸²à¸¨à¸à¸µà¹à¸à¸£à¸´à¸ªà¸¸à¸à¸à¸´à¹à¹à¸à¹à¸à¸´à¸à¸­à¸²à¸«à¸²à¸£à¸à¸±à¸à¸à¹à¸­à¸à¹à¸¥à¸°à¸­à¸­à¸à¸à¸³à¸¥à¸±à¸à¸à¸²à¸¢,à¹à¸à¹à¸ªà¸à¸ªà¸¡à¸à¸µà¹à¸à¸£à¸°à¸à¸­à¸à¸à¹à¸§à¸¢à¹à¸à¹à¸à¸£à¹à¸à¸à¹à¸¥à¸°à¸­à¸­à¸à¸à¸´à¹à¸à¸à¹à¸à¹à¸à¸ªà¹à¸§à¸à¹à¸«à¸à¹ à¹à¸à¹à¸«à¸²à¸¢à¹à¸à¸«à¸£à¸·à¸­à¸à¹à¸§à¸¢à¹à¸à¸à¸²à¸£à¹à¸à¸²à¹à¸«à¸¡à¹à¹à¸à¹à¸à¸à¹à¸,https://media.istockphoto.com/id/1462659206/photo/portrait-of-a-man-breathing-fresh-air-in-nature.jpg?s=612x612&w=0&k=20&c=Xh0L8cQ4tbmk5rp9CeBp_JZrk6W_KTzISKKFVHZFXdI=,air,Nature,Noun
à¹à¸£à¸·à¸­,à¸­à¸±à¸à¸¨à¸¸à¸¡à¸²à¸¥à¸´à¸à¸à¹à¸²à¸¡à¹à¸£à¸·à¸­à¸¡à¸²à¸à¸²à¸à¸à¹à¸²à¸à¹à¸à¸à¸¥à¸­à¸à¸à¸²à¸à¸à¸­à¸à¸à¹à¸­à¸¢,(à¹) à¸. à¸¢à¸²à¸à¸à¸²à¸«à¸à¸°à¸à¸µà¹à¹à¸à¹à¸ªà¸±à¸à¸à¸£à¹à¸à¸¡à¸²à¹à¸à¸à¹à¹à¸² à¸¡à¸±à¸à¸à¸³à¸à¹à¸§à¸¢à¸§à¸´à¸à¸µà¸à¸¸à¸à¹à¸¡à¹à¸à¸±à¹à¸à¸à¹à¸à¸«à¸£à¸·à¸­à¸à¸³à¸à¸£à¸°à¸à¸²à¸ à¸ªà¸±à¸à¸à¸°à¸ªà¸µ à¹à¸«à¸¥à¹à¸ à¹à¸à¹à¸à¸à¹à¸ à¸¡à¸²à¸à¸£à¸°à¸à¸­à¸à¸à¸±à¸à¹à¸à¹à¸²; (à¹) à¸. à¸à¸±à¸§à¸«à¸¡à¸²à¸à¸£à¸¸à¸à¸à¸µà¹à¹à¸à¸´à¸à¸à¸²à¸à¸£à¸à¹à¸à¹à¸à¸¥à¸­à¸; (à¹) à¸. à¹à¸à¸£à¸·à¹à¸­à¸à¹à¸¥à¹à¸à¸­à¸¢à¹à¸²à¸à¸«à¸à¸¶à¹à¸ à¹à¸­à¸²à¹à¸¡à¹à¹à¸à¹à¸¡à¸²à¹à¸«à¸¥à¸²à¹à¸à¸ à¹ à¸à¸±à¸à¹à¸«à¹à¸«à¸±à¸§à¸à¸­à¸ à¹à¸à¹à¸à¸¸à¹à¸à¹à¸à¹à¸à¸à¸±à¸; (à¹) à¸. à¸¢à¸¨à¸à¸«à¸²à¸£à¹à¸£à¸·à¸­à¸«à¸£à¸·à¸­à¸à¸«à¸²à¸£à¸­à¸²à¸à¸²à¸¨à¸à¸±à¹à¸à¸ªà¸±à¸à¸à¸²à¸à¸±à¸à¸£à¸à¸±à¹à¸à¸à¹à¸ à¸à¹à¹à¸²à¸à¸§à¹à¸²à¸à¸±à¹à¸à¸à¸²à¸§à¸²à¸«à¸£à¸·à¸­à¸à¸²à¸§à¸²à¸­à¸²à¸à¸²à¸¨ à¹à¸à¹à¸ à¹à¸£à¸·à¸­à¸à¸£à¸µ à¹à¸£à¸·à¸­à¸­à¸²à¸à¸²à¸¨à¹à¸­à¸.,https://www.stockvault.net/data/2016/01/18/182927/preview16.jpg,boat,Transportation,Noun
à¸à¸´à¸,à¸«à¸¥à¸²à¸¢à¹à¸à¸£à¸à¸à¸²à¸£à¸à¸¥à¸­à¸à¸à¸§à¸²à¸¡à¸ªà¸³à¹à¸£à¹à¸à¸à¸´à¸à¹à¸à¸£à¸à¸à¸²à¸£à¸à¹à¸­à¸ªà¸£à¹à¸²à¸à¹à¸à¸à¸µà¸à¸µà¹,"(à¹) à¸. à¸à¸±à¸à¸«à¸£à¸·à¸­à¸à¸±à¹à¸à¹à¸§à¹à¹à¸¡à¹à¹à¸«à¹à¹à¸à¸¢à¸­à¸­à¸ à¹à¸à¹à¸ à¸à¸´à¸à¸à¸²à¸«à¸¡à¹à¸­, à¸à¸±à¸à¸«à¸£à¸·à¸­à¸à¸±à¹à¸à¹à¸§à¹à¹à¸«à¹à¹à¸à¹à¸²à¸­à¸­à¸à¹à¸¡à¹à¹à¸à¹ à¹à¸à¹à¸ à¸à¸´à¸à¸à¸à¸; (à¹) à¸. à¸à¸´à¸ à¹à¸à¹à¸ à¸à¸´à¸à¸à¸£à¸°à¸à¸²à¸¨ à¸à¸´à¸à¸à¸­à¸; (à¹) à¸. à¹à¸à¸¢à¸à¸£à¸´à¸¢à¸²à¸¢à¸«à¸¡à¸²à¸¢à¸à¸§à¸²à¸¡à¸§à¹à¸² à¸«à¸¢à¸¸à¸ à¹à¸à¹à¸ à¹à¸£à¸à¹à¸£à¸µà¸¢à¸à¸à¸´à¸, à¸à¸³à¹à¸«à¹à¸«à¸¢à¸¸à¸ à¹à¸à¹à¸ à¸à¸´à¸à¸à¸±à¸à¸¥à¸¡ à¸à¸´à¸à¸§à¸´à¸à¸¢à¸¸, à¹à¸¡à¹à¹à¸à¸´à¸à¹à¸à¸¢ à¹à¸à¹à¸ à¸à¸´à¸à¸§à¸´à¸à¸² à¸à¸´à¸à¸à¸§à¸²à¸¡.",https://media.istockphoto.com/id/152953188/photo/businessman-pushing-the-door.jpg?s=612x612&w=0&k=20&c=f9Up9LI80LD3G87tsnzhjBSqAuMY81jeKqlycMGLkic=,close,Verbs,Verb
à¸à¸£à¸°à¸à¸¹,à¸à¸¸à¸à¸à¹à¸­à¸à¹à¸­à¸¡à¸à¸£à¸°à¸à¸¹à¸à¸²à¸à¸à¸µà¹à¸à¹à¸§à¸¢à¸à¸±à¸§à¹à¸­à¸,"(à¹) à¸. à¸à¹à¸­à¸à¸à¸²à¸à¹à¸à¹à¸²à¸­à¸­à¸à¸à¸­à¸à¸à¹à¸²à¸à¹à¸£à¸·à¸­à¸à¹à¸à¹à¸à¸à¹à¸ à¸¡à¸µà¸à¸²à¸à¹à¸à¸´à¸à¸à¸´à¸à¹à¸à¹ à¹à¸à¹à¸ à¸à¸£à¸°à¸à¸¹à¸à¹à¸²à¸ à¸à¸£à¸°à¸à¸¹à¹à¸¡à¸·à¸­à¸, à¸à¹à¸­à¸, à¸à¸²à¸, à¹à¸à¹à¸ à¹à¸¡à¹à¸¡à¸µà¸à¸£à¸°à¸à¸¹à¸ªà¸¹à¹, à¹à¸à¸¢à¸à¸£à¸´à¸¢à¸²à¸¢à¸«à¸¡à¸²à¸¢à¸à¸¶à¸à¸ªà¸´à¹à¸à¸à¸µà¹à¸¡à¸µà¸¥à¸±à¸à¸©à¸à¸°à¸à¸¥à¹à¸²à¸¢à¸à¸¥à¸¶à¸à¹à¸à¹à¸à¸à¸±à¹à¸ à¹à¸à¹à¸ à¸à¸£à¸°à¸à¸¹à¸à¸¸à¸à¸à¸­à¸¥ à¸à¸£à¸°à¸à¸¹à¸£à¸±à¸à¸à¸µà¹, à¸à¹à¸­à¸à¸«à¸£à¸·à¸­à¹à¸­à¸à¸²à¸ªà¸à¸µà¹à¸à¸°à¹à¸à¹à¸«à¸£à¸·à¸­à¹à¸ªà¸µà¸¢à¹à¸à¸à¸²à¸£à¹à¸¥à¹à¸à¸à¸²à¸£à¸à¸à¸±à¸à¸à¸²à¸à¸à¸à¸´à¸ à¸­à¸¢à¹à¸²à¸à¸à¸±à¹à¸§ à¹à¸ à¹à¸®à¹à¸¥ à¸à¹à¹à¸²à¹à¸à¹à¸² à¹à¸à¹à¸ à¸à¸¹à¸à¸à¸£à¸°à¸à¸¹à¹à¸à¸µà¸¢à¸§ à¸à¸´à¸ à¹ à¸à¸£à¸°à¸à¸¹; (à¹) à¸. à¸¥à¸±à¸à¸©à¸à¸à¸²à¸¡à¹à¸£à¸µà¸¢à¸à¸à¸³à¸à¸§à¸à¸à¸£à¸±à¹à¸à¸à¸µà¹à¹à¸à¸°à¸¥à¸¹à¸à¸à¸­à¸¥à¹à¸à¹à¸²à¹à¸à¹à¸à¸à¸£à¸°à¸à¸¹ à¹à¸à¹à¸ à¹à¸à¹ à¹ à¸à¸£à¸°à¸à¸¹ à¹à¸ªà¸µà¸¢ à¹ à¸à¸£à¸°à¸à¸¹.",https://previews.123rf.com/images/pitchayarat2514/pitchayarat25141301/pitchayarat2514130100108/17618408-thai-temple-door-with-beautiful-in-wat-benchamabopitr-bangkok-thailand.jpg,door,Home,Noun
à¸ªà¸à¸²à¸¡à¸à¸´à¸,à¹à¸à¸£à¸à¸µà¹à¸¡à¸µà¸à¹à¸²à¸à¸­à¸¢à¸¹à¹à¹à¸à¸¥à¹à¹ à¸ªà¸à¸²à¸¡à¸à¸´à¸à¸à¹à¸à¹à¸­à¸à¸à¸´à¸à¸à¸±à¸à¹à¸ªà¸µà¸¢à¸à¸à¸±à¸à¸à¸­à¸à¹à¸à¸£à¸·à¹à¸­à¸à¸à¸´à¸à¸­à¸¢à¸¹à¹à¸à¸¥à¸­à¸,à¸à¸µà¹à¸ªà¸³à¸«à¸£à¸±à¸à¹à¸à¸£à¸·à¹à¸­à¸à¸à¸´à¸à¸à¸¶à¹à¸à¸¥à¸ à¸à¸£à¸°à¸à¸­à¸à¸à¹à¸§à¸¢à¸¥à¸²à¸à¸à¸­à¸à¹à¸à¸£à¸·à¹à¸­à¸à¸à¸´à¸ à¸¥à¸¹à¹à¹à¸à¸£à¸·à¹à¸­à¸à¸à¸´à¸à¸à¸¶à¹à¸à¸¥à¸ à¹à¸£à¸à¹à¸à¹à¸à¸­à¸¸à¸à¸à¸£à¸à¹à¸à¸²à¸£à¸à¸´à¸ à¸«à¸­à¸à¸±à¸à¸à¸±à¸à¸à¸²à¸£à¸à¸´à¸ à¸à¸µà¹à¸à¸³à¸à¸²à¸£à¸à¸­à¸à¹à¸à¹à¸²à¸«à¸à¹à¸²à¸à¸µà¹ à¹à¸¥à¸°à¸à¸µà¹à¸à¸±à¸à¸à¸¹à¹à¹à¸à¸¢à¸ªà¸²à¸£à¹à¸à¹à¸²à¸­à¸­à¸,https://www.aleenta.com/wp-content/uploads/Bangkok-Suvarnabhumi-Airport.jpg,airport,Location,Noun
à¸£à¹à¸²à¸à¸à¸²à¸¢,à¸à¸²à¸£à¸­à¸­à¸à¸à¸³à¸¥à¸±à¸à¸à¸²à¸¢à¸à¸¸à¸à¸§à¸±à¸à¸à¹à¸§à¸¢à¹à¸«à¹à¸£à¹à¸²à¸à¸à¸²à¸¢à¹à¸à¹à¸à¹à¸£à¸à¹à¸¥à¸°à¸ªà¸¸à¸à¸ à¸²à¸à¸à¸µ,à¹à¸à¸£à¸à¸ªà¸£à¹à¸²à¸à¸à¸²à¸à¸à¸²à¸¢à¸ à¸²à¸à¸à¸±à¹à¸à¸«à¸¡à¸à¸à¸­à¸à¸à¸à¸«à¸£à¸·à¸­à¸ªà¸±à¸à¸§à¹ à¸à¸£à¸°à¸à¸­à¸à¸à¹à¸§à¸¢à¸­à¸§à¸±à¸¢à¸§à¸°à¸à¹à¸²à¸à¹ à¹à¸à¸·à¹à¸­à¹à¸¢à¸·à¹à¸­ à¹à¸¥à¸°à¸à¸£à¸°à¸à¸¹à¸,https://uploads2.wikiart.org/images/leonardo-da-vinci/the-proportions-of-the-human-figure-the-vitruvian-man-1492.jpg!Large.jpg,body,Body,Noun
à¹à¸ªà¸·à¹à¸­à¸à¹à¸²,à¹à¸ªà¸·à¹à¸­à¸à¹à¸²à¹à¸à¸à¸¹à¹à¹à¸à¹à¸¡à¹à¸¥à¹à¸§à¹à¸à¹à¸¢à¸±à¸à¸­à¸¢à¸²à¸à¸à¸·à¹à¸­à¸­à¸µà¸,à¹à¸ªà¸·à¹à¸­à¸à¹à¸² à¸à¸·à¸­ à¸ªà¸´à¹à¸à¸à¸µà¹à¹à¸à¹à¸ªà¸§à¸¡à¹à¸ªà¹à¸à¸à¸à¸´à¸à¸£à¹à¸²à¸à¸à¸²à¸¢ à¸à¸³à¸à¸²à¸à¸à¹à¸²à¸«à¸£à¸·à¸­à¸§à¸±à¸ªà¸à¸¸à¸à¹à¸²à¸à¹ à¹à¸à¸·à¹à¸­à¸à¹à¸­à¸à¸à¸±à¸à¸­à¸²à¸à¸²à¸¨à¹à¸¥à¸°à¸à¸§à¸²à¸¡à¹à¸«à¸¡à¸²à¸°à¸ªà¸¡,https://images.squarespace-cdn.com/content/v1/5f5de3ec83beb9471d61c1f9/aa16b82d-a027-4a3b-b828-64657d4b4d44/image-asset.jpg,clothing,Clothing,Noun
à¸à¸¸à¸,à¸à¹à¸²à¸à¸±à¸à¹à¸£à¸µà¸¢à¸à¸à¸à¹à¸«à¸à¸à¸¸à¸à¸£à¸´à¸à¹à¸à¸à¸²à¸£à¸ªà¸­à¸ à¸à¸£à¸¹à¸à¸°à¹à¸­à¸²à¸à¸²à¸à¸à¸²à¸à¸¸à¸à¹à¸§à¹à¹à¸à¸à¸£à¸°à¸à¸²à¸©à¸à¸³à¸à¸­à¸,à¸£à¸­à¸¢à¸«à¸£à¸·à¸­à¹à¸à¹à¸¡à¸à¸µà¹à¸¡à¸µà¸¥à¸±à¸à¸©à¸à¸°à¸à¸¥à¸¡à¹,https://i0.wp.com/purposefocuscommitment.com/wp-content/uploads/2018/06/Story-about-happiness-The-meaning-of-the-black-dot-on-a-white-paper.jpg,dot,Misc Nouns,Noun
à¸¡à¸µà¸à¸µà¸§à¸´à¸à¸­à¸¢à¸¹à¹,à¸à¸¹à¹à¸à¸­à¸à¸à¸±à¸à¸­à¸²à¸¢à¸¸à¹à¸à¹à¸²à¸ªà¸´à¸à¸à¸µà¹à¸¥à¹à¸§à¹à¸à¹à¸¢à¸±à¸à¸¡à¸µà¸à¸µà¸§à¸´à¸à¸­à¸¢à¸¹à¹à¹à¸¥à¸°à¹à¸à¹à¸à¹à¸£à¸à¸à¸µ,à¸ªà¸ à¸²à¸à¸à¸µà¹à¸¢à¸±à¸à¹à¸¡à¹à¸à¸²à¸¢ à¸¢à¸±à¸à¸«à¸²à¸¢à¹à¸ à¹à¸¥à¸°à¸£à¹à¸²à¸à¸à¸²à¸¢à¸¢à¸±à¸à¸à¸³à¸à¸²à¸à¹à¸à¹à¸à¸²à¸¡à¸à¸à¸à¸´,meSeniorTrip.jpg,alive,Adjectives,Adjective
à¸à¸£à¸°à¸à¸¹à¸,à¹à¸à¸²à¸¥à¹à¸¡à¸à¸²à¸à¸à¸±à¸à¸£à¸¢à¸²à¸à¸à¸à¸à¸£à¸°à¸à¸¹à¸à¸à¹à¸­à¸¡à¸·à¸­à¸«à¸±à¸,à¸ªà¹à¸§à¸à¹à¸à¹à¸à¸ªà¸µà¸à¸²à¸§à¸à¸µà¹à¸­à¸¢à¸¹à¹à¸ à¸²à¸¢à¹à¸à¸£à¹à¸²à¸à¸à¸²à¸¢à¸à¸­à¸à¸à¸à¹à¸¥à¸°à¸ªà¸±à¸à¸§à¹ à¸à¸³à¸«à¸à¹à¸²à¸à¸µà¹à¹à¸à¹à¸à¹à¸à¸£à¸à¸ªà¸£à¹à¸²à¸à¸à¹à¸³à¸à¸¸à¸à¸£à¹à¸²à¸à¸à¸²à¸¢,https://meddists.com/learn/wp-content/uploads/2021/01/humerus1.png,bone,Body,Noun
à¸à¸¥à¸±à¸,à¸à¸±à¸à¹à¸à¹à¸²à¸«à¸¸à¹à¸à¸à¸±à¸à¹à¸à¸·à¹à¸­à¸à¹à¸à¸´à¸à¸à¸¥à¸±à¸à¹à¸¥à¹à¸à¹ à¹à¸à¸¥à¹à¸à¹à¸²à¸,à¸ªà¸à¸²à¸à¹à¸£à¸´à¸à¸£à¸¡à¸¢à¹à¸à¸µà¹à¹à¸à¸´à¸à¹à¸§à¸¥à¸²à¸à¸¥à¸²à¸à¸à¸·à¸ à¸à¸²à¸¢à¸­à¸²à¸«à¸²à¸£ à¹à¸à¸£à¸·à¹à¸­à¸à¸à¸·à¹à¸¡ à¸¡à¸µà¸à¸à¸à¸£à¸µ à¹à¸à¹à¸à¸à¹à¸,https://www.tourmyindia.com/blog//wp-content/uploads/2018/07/thailand-nightlife.jpg,club,Location,Noun
à¸¥à¸,à¸£à¸²à¸à¸²à¸à¸­à¸à¹à¸à¸£à¸·à¹à¸­à¸à¸à¸­à¸¡à¸à¸´à¸§à¹à¸à¸­à¸£à¹à¸£à¸¸à¹à¸à¹à¸«à¸¡à¹à¹ à¸à¸±à¹à¸à¸¡à¸µà¸£à¸²à¸à¸²à¸à¸¹à¸à¸¥à¸ à¹à¸à¹à¸à¸¥à¸±à¸à¸¡à¸µà¸à¸µà¸à¸à¸§à¸²à¸¡à¸ªà¸²à¸¡à¸²à¸£à¸à¸ªà¸¹à¸à¸à¸¶à¹à¸,"(à¹) à¸. à¹à¸à¸ªà¸¹à¹à¹à¸à¸·à¹à¸­à¸à¸à¹à¹à¸²à¸«à¸£à¸·à¸­à¹à¸à¸ªà¸¹à¹à¹à¸à¸·à¹à¸­à¸à¸à¸µà¹à¸à¸·à¸­à¸§à¹à¸²à¸à¸£à¸à¸à¹à¸²à¸¡à¸à¸±à¸à¸à¸¶à¹à¸ à¹à¸à¹à¸ à¸à¹à¹à¸²à¸¥à¸ à¹à¸à¸£à¸·à¹à¸­à¸à¸à¸´à¸à¸¥à¸, à¹à¸à¸ªà¸¹à¹à¸à¸·à¹à¸à¸à¸´à¸à¹à¸¥à¸°à¸à¸·à¹à¸à¸­à¸·à¹à¸ à¹ à¹à¸à¹à¸ à¸¥à¸à¸à¸´à¸ à¸¥à¸à¸à¸±à¸à¹à¸ à¸¥à¸à¹à¸£à¸·à¸­; (à¹) à¸. à¹à¸­à¸²à¹à¸à¸£à¸·à¹à¸­à¸à¸¡à¸·à¸­à¸à¸±à¸à¸ªà¸±à¸à¸§à¹à¸à¹à¹à¸²à¸§à¸²à¸à¸à¸¶à¸ à¸«à¸£à¸·à¸­à¸à¸±à¸ à¹à¸à¸·à¹à¸­à¸à¸±à¸à¸ªà¸±à¸à¸§à¹à¸à¹à¹à¸² à¹à¸à¹à¸ à¸¥à¸à¸à¹à¸²à¸¢ à¸¥à¸à¸¥à¸­à¸ à¸¥à¸à¸­à¸§à¸ à¸¥à¸à¹à¸à¹à¸; (à¹) à¸. à¸à¸ à¹à¸à¹à¸ à¸¥à¸à¸à¸±à¸à¸à¸µ; (à¹) à¸. à¸à¸³à¸à¸´à¸à¸µà¸à¸²à¸£à¸¶à¸à¸¡à¸à¸à¸£à¹à¸«à¸£à¸·à¸­à¸ªà¸´à¹à¸à¸¨à¸±à¸à¸à¸´à¹à¸ªà¸´à¸à¸à¸´à¹ à¹à¸à¹à¸ à¸¥à¸à¹à¸¥à¸à¸¥à¸à¸¢à¸±à¸à¸à¹ à¸¥à¸à¸à¸°à¸«à¸à¹à¸²à¸à¸­à¸ à¸¥à¸à¸à¸£à¸°à¸«à¸¡à¹à¸­à¸¡; (à¹) à¸. à¸¢à¸­à¸¡ à¹à¸à¹à¸ à¸à¸¹à¹à¸à¹à¸­à¸¢à¸à¹à¸­à¸à¸¥à¸à¸à¸¹à¹à¹à¸«à¸à¹; (à¹) à¸. à¸à¸µà¸à¸´à¸¡à¸à¹à¸­à¸­à¸à¹à¸à¸¢à¹à¸à¸£à¹ à¹à¸à¹à¸ à¹à¸­à¸²à¸à¹à¸²à¸§à¹à¸à¹à¸«à¹à¸«à¸à¸±à¸à¸ªà¸·à¸­à¸à¸´à¸¡à¸à¹à¸¥à¸ à¸¥à¸à¹à¸à¹à¸à¸à¸§à¸²à¸¡; (à¹) à¸. à¸à¸à¸¥à¸à¸à¸¥à¸à¹à¸à¹à¸¥à¹à¸§à¸à¹à¸à¸±à¸à¹à¸à¸à¸·à¸­à¹à¸­à¸²à¹à¸à¹à¸à¹à¸à¹ à¹à¸à¹à¸ à¸¥à¸à¹à¸à¹à¸à¸³à¹à¸à¹à¸à¹à¸¡à¹à¸à¸´à¹à¸ à¸¥à¸à¸ªà¸¹à¹à¹à¸¥à¹à¸§à¹à¸¡à¹à¸à¸­à¸¢; (à¹) à¸. à¸à¸¥à¸¹à¸ à¹à¸à¹à¸ à¸¥à¸à¸¡à¸°à¸à¸£à¹à¸²à¸§ à¸¥à¸à¸¥à¸´à¹à¸à¸à¸µà¹; (à¹) à¸. à¸¥à¸ à¹à¸à¹à¸ à¸£à¸²à¸à¸²à¸à¸­à¸à¸¥à¸ à¸à¹à¸²à¹à¸à¸´à¸à¸à¸­à¸¥à¸¥à¸²à¸£à¹à¸¥à¸; (à¹à¹) à¸. à¸à¸ à¹à¸à¹à¸ à¸à¹à¹à¸²à¸à¹à¸²à¸à¸¥à¸ à¸à¸à¸¥à¸ à¸«à¸¡à¸­à¸à¸¥à¸; (à¹à¹) à¸. à¹à¸à¸µà¹à¸¢à¸ à¹à¸à¹à¸ à¸¥à¸à¹à¸¡à¹ à¹à¸­à¸²à¸«à¸§à¸²à¸¢à¸¥à¸à¸«à¸¥à¸±à¸; (à¹à¹) à¸. à¸à¹à¸­à¸à¹à¸à¸´à¸ à¹à¸à¹à¸ à¸à¸±à¹à¸à¸¥à¸à¸à¸±à¹à¸à¸£à¸²à¸.; (à¹à¹) à¸§. à¸­à¸²à¸à¸²à¸£à¸à¸µà¹à¹à¸à¸ªà¸¹à¹à¹à¸à¸·à¹à¸­à¸à¸à¹à¹à¸² à¹à¸à¹à¸ à¹à¸«à¸¥à¸¥à¸ à¹à¸¥à¸·à¹à¸­à¸à¸¥à¸ à¸à¸­à¸¢à¸¥à¸; (à¹à¹) à¸§. à¸¡à¸²à¸à¸à¸§à¹à¸²à¹à¸à¸´à¸¡ à¹à¸à¹à¸ à¹à¸¥à¸§à¸¥à¸ à¸à¸­à¸¡à¸¥à¸ à¸à¸¹à¸à¸¥à¸ à¸ªà¸±à¹à¸à¸¥à¸.",https://encrypted-tbn0.gstatic.com/images?q=tbn:ANd9GcQxMBaL6iypfwIvQolQfM7Fw3NNtj4n8q6EMA&s,down,Directions,Adverb
à¸ªà¸±à¸à¸§à¹,à¸ªà¸§à¸à¸ªà¸±à¸à¸§à¹à¹à¸«à¹à¸à¸à¸µà¹à¸¡à¸µà¸ªà¸±à¸à¸§à¹à¸«à¸²à¸¢à¸²à¸à¸à¸²à¸à¸à¸±à¹à¸§à¹à¸¥à¸à¸¡à¸²à¸à¸à¸§à¹à¸²à¸ªà¸­à¸à¸£à¹à¸­à¸¢à¸à¸à¸´à¸,à¸ªà¸´à¹à¸à¸¡à¸µà¸à¸µà¸§à¸´à¸à¸à¸¶à¹à¸à¹à¸à¸à¸à¹à¸²à¸à¹à¸à¸à¸²à¸à¸à¸£à¸£à¸à¹à¸¡à¹ à¸ªà¹à¸§à¸à¸¡à¸²à¸à¸¡à¸µà¸à¸§à¸²à¸¡à¸£à¸¹à¹à¸ªà¸¶à¸à¹à¸¥à¸°à¹à¸à¸¥à¸·à¹à¸­à¸à¹à¸«à¸§à¸¢à¹à¸²à¸¢à¸à¸µà¹à¹à¸à¹à¸à¹à¹à¸­à¸,https://media.istockphoto.com/id/1330084518/photo/wildlife-in-etosha-national-park-namibia-africa.jpg?s=612x612&w=0&k=20&c=IFp3ybRahAACdPT9M9Tdd3t8jl526n_BfMoNdBcQs8A=,animal,Animal,Noun
à¸«à¸à¸±à¸à¸ªà¸·à¸­,à¸£à¸°à¸à¸±à¸à¹à¸§à¸¢à¸²à¸à¸£à¸à¹à¸§à¸´à¸à¸µà¸à¸µà¹à¸¡à¸µà¸à¸¹à¹à¸à¸¢à¸²à¸¢à¸²à¸¡à¸à¸³à¸à¸¶à¹à¸à¹à¸¥à¸°à¹à¸à¸µà¸¢à¸à¹à¸à¹à¸à¸«à¸à¸±à¸à¸ªà¸·à¸­à¸­à¸­à¸à¸¡à¸²,"(à¹) à¸. à¹à¸à¸£à¸·à¹à¸­à¸à¸«à¸¡à¸²à¸¢à¹à¸à¹à¸à¸µà¸à¹à¸à¸µà¸¢à¸à¹à¸à¸à¹à¸ªà¸µà¸¢à¸à¸«à¸£à¸·à¸­à¸à¸³à¸à¸¹à¸ à¹à¸à¹à¸ à¸­à¹à¸²à¸à¸«à¸à¸±à¸à¸ªà¸·à¸­ à¹à¸à¸µà¸¢à¸à¸«à¸à¸±à¸à¸ªà¸·à¸­, à¸¥à¸²à¸¢à¸¥à¸±à¸à¸©à¸à¹à¸­à¸±à¸à¸©à¸£ à¹à¸à¹à¸ à¸à¸­à¹à¸«à¹à¹à¸à¸µà¸¢à¸à¹à¸à¹à¸à¸«à¸à¸±à¸à¸ªà¸·à¸­à¹à¸§à¹à¸à¹à¸§à¸¢, à¸à¸à¸«à¸¡à¸²à¸¢à¸à¸µà¹à¸¡à¸µà¹à¸à¸¡à¸² à¹à¸à¹à¸ à¸«à¸à¸±à¸à¸ªà¸·à¸­à¸£à¸²à¸à¸à¸²à¸£, à¹à¸­à¸à¸ªà¸²à¸£, à¸à¸à¸à¸£à¸°à¸à¸±à¸à¸à¹; (à¹) à¸. à¸à¹à¸­à¸à¸§à¸²à¸¡à¸à¸µà¹à¸à¸´à¸¡à¸à¹à¸«à¸£à¸·à¸­à¹à¸à¸µà¸¢à¸à¹à¸à¹à¸à¸à¹à¸à¹à¸¥à¹à¸§à¸£à¸§à¸¡à¹à¸à¹à¸à¹à¸¥à¹à¸¡.",duneInRoom.jpg,book,Home,Noun
à¹à¸à¹à¸,à¹à¸à¸²à¸à¸·à¹à¸­à¹à¸ªà¸·à¹à¸­à¹à¸à¹à¸à¸ªà¸µà¸à¹à¸³à¸à¸²à¸¥à¸à¸±à¸§à¹à¸«à¸¡à¹à¹à¸à¸·à¹à¸­à¹à¸ªà¹à¹à¸à¸à¸²à¸à¹à¸à¹à¸à¸à¸²à¸à¹à¸à¸¤à¸à¸¹à¸«à¸à¸²à¸§,à¹à¸ªà¸·à¹à¸­à¸à¸¥à¸¸à¸¡à¸à¸à¸´à¸à¸«à¸à¸¶à¹à¸à¸à¸µà¹à¸¡à¸µà¹à¸à¸à¸¢à¸²à¸§ à¸à¸±à¸§à¸¢à¸²à¸§à¸à¸¶à¸à¸ªà¸°à¹à¸à¸à¸«à¸£à¸·à¸­à¹à¸à¹à¸² à¹à¸ªà¹à¸à¸±à¸à¹à¸ªà¸·à¹à¸­à¸à¹à¸²à¸à¸±à¹à¸à¹à¸à¹à¸à¸·à¹à¸­à¸à¸±à¸à¸«à¸à¸²à¸§à¸«à¸£à¸·à¸­à¹à¸à¸´à¹à¸¡à¸à¸§à¸²à¸¡à¸ªà¸à¹à¸²à¸à¸²à¸¡,https://miro.medium.com/v2/resize:fit:1400/1*hu5bNR8Ue0DGSS4DNjOz4Q.jpeg,coat,Clothing,Noun
à¸§à¸²à¸,à¸à¸²à¸£à¹à¸à¹à¸à¸´à¸à¸ªà¸­ à¸à¸²à¸à¸à¸² à¸«à¸£à¸·à¸­à¸ªà¸µà¸à¹à¸²à¸à¹ à¸ªà¸£à¹à¸²à¸à¸ à¸²à¸à¸«à¸£à¸·à¸­à¸¥à¸²à¸¢à¹à¸ªà¹à¸à¸à¸à¸à¸£à¸°à¸à¸²à¸©à¸«à¸£à¸·à¸­à¸à¸·à¹à¸à¸à¸´à¸§à¸­à¸·à¹à¸à¹,à¸à¹à¸­à¸à¸ªà¸²à¸§à¸à¸­à¸à¸§à¸²à¸à¸£à¸¹à¸à¸à¸²à¸£à¹à¸à¸¹à¸à¹à¸à¸ªà¸¡à¸¸à¸à¸à¸¸à¸à¸§à¸±à¸à¸«à¸¥à¸±à¸à¹à¸¥à¸´à¸à¹à¸£à¸µà¸¢à¸,https://i.ytimg.com/vi/BbfqB8e8ph4/maxresdefault.jpg,draw,Verbs,Verb
à¸­à¸à¸²à¸£à¹à¸à¹à¸¡à¸à¸à¹,à¸­à¸à¸²à¸£à¹à¸à¹à¸¡à¸à¸à¹à¹à¸à¸¥à¹à¸£à¸à¹à¸à¸à¹à¸²à¸¡à¸µà¸à¹à¸²à¹à¸à¹à¸²à¹à¸à¸à¸à¸§à¹à¸²à¸à¸µà¹à¸­à¸¢à¸¹à¹à¹à¸à¸à¸­à¸¢à¸¥à¸¶à¸,à¸à¸µà¹à¸à¸±à¸à¸­à¸²à¸¨à¸±à¸¢à¹à¸à¸­à¸²à¸à¸²à¸£à¸ªà¸¹à¸à¸à¸µà¹à¹à¸à¹à¸à¹à¸à¹à¸à¸«à¹à¸­à¸à¸«à¸¥à¸²à¸¢à¸«à¹à¸­à¸ à¸¡à¸µà¸«à¹à¸­à¸à¸à¸­à¸ à¸«à¹à¸­à¸à¸à¹à¸³ à¹à¸¥à¸°à¸à¸£à¸±à¸§à¹à¸à¸à¸±à¸§ à¹à¸«à¹à¹à¸à¹à¸²à¸£à¸²à¸¢à¹à¸à¸·à¸­à¸à¸«à¸£à¸·à¸­à¸£à¸²à¸¢à¸à¸µ,https://cf.bstatic.com/xdata/images/hotel/max1024x768/669168522.jpg?k=f1911630c2b858699f17c3c9dcc556dc228e419f9dfb3c2aada4614859eeeb7f&o=&hp=1,apartment,Location,Noun
à¸à¸§à¸,à¸à¸¡à¸à¸­à¹à¸à¸µà¸¢à¸£à¹à¸­à¸µà¸à¸à¸§à¸,"à¸. à¸ à¸²à¸à¸à¸°à¸à¸¥à¸§à¸à¹à¸ à¹à¸à¸¢à¸¡à¸²à¸à¸à¸³à¸à¹à¸§à¸¢à¹à¸à¹à¸§ à¸£à¸¹à¸à¸ªà¸¹à¸ à¸¡à¸±à¸à¸¡à¸µà¸à¸­à¸«à¸£à¸·à¸­à¸à¸²à¸à¹à¸à¸ à¸ªà¸³à¸«à¸£à¸±à¸à¸à¸£à¸£à¸à¸¸à¸à¸­à¸à¹à¸«à¸¥à¸§à¹à¸à¹à¸à¸à¹à¸, à¸¥à¸±à¸à¸©à¸à¸à¸²à¸¡à¸§à¹à¸² à¹à¸.","https://content.jdmagicbox.com/quickquotes/images_main/wines-glass-bottles-376251103-f6c4z.jpg?impolicy=queryparam&im=Resize=(360,360),aspect=fit",bottle,Food,Noun
à¸à¸²à¹à¸,à¹à¸à¸²à¸à¸·à¹à¸¡à¸à¸²à¹à¸à¸à¸³à¸«à¸à¸¶à¹à¸à¹à¸à¹à¸§à¸à¸¸à¸à¹à¸à¹à¸²à¸à¹à¸­à¸à¹à¸à¸à¸³à¸à¸²à¸,à¹à¸à¸£à¸·à¹à¸­à¸à¸à¸·à¹à¸¡à¸ªà¸µà¸à¹à¸³à¸à¸²à¸¥à¹à¸à¹à¸¡à¸à¸µà¹à¸à¸³à¸à¸²à¸à¹à¸¡à¸¥à¹à¸à¸à¹à¸à¸à¸²à¹à¸à¸à¸±à¹à¸§à¸à¸à¹à¸¥à¹à¸§à¸à¸à¸à¹à¸§à¸¢à¸à¹à¸³à¸£à¹à¸­à¸ à¸¡à¸µà¸£à¸ªà¸à¸¡à¹à¸¥à¸°à¸¡à¸µà¸à¸²à¹à¸à¸­à¸µà¸,3mugs.jpg,coffee,Beverages,Noun
à¸à¸§à¸²à¸¡à¸à¸±à¸,à¸à¸§à¸²à¸¡à¸à¸±à¸à¸à¸­à¸à¹à¸à¸­à¸à¸·à¸­à¸à¸²à¸£à¹à¸à¹à¸à¸«à¸¡à¸­à¹à¸à¸·à¹à¸­à¸à¹à¸§à¸¢à¹à¸«à¸¥à¸·à¸­à¸à¸à¹à¸à¸à¸à¸à¸,à¸ªà¸´à¹à¸à¸à¸µà¹à¸à¸´à¸à¸«à¸§à¸±à¸à¸«à¸£à¸·à¸­à¸à¸£à¸²à¸£à¸à¸à¸²à¹à¸«à¹à¹à¸à¸´à¸à¸à¸¶à¹à¸à¹à¸à¸­à¸à¸²à¸à¸ à¸«à¸£à¸·à¸­à¸ à¸²à¸à¸à¸µà¹à¹à¸«à¹à¸à¹à¸à¸à¸à¸°à¸«à¸¥à¸±à¸,https://www.dreams.co.uk/sleep-matters-club/wp-content/uploads/shutterstock_56412598.jpg,dream,Home,Noun
à¹à¸­à¸à¹à¸à¸´à¸¥,à¹à¸¡à¹à¸à¸·à¹à¸­à¹à¸­à¸à¹à¸à¸´à¸¥à¹à¸à¸µà¸¢à¸§à¸¡à¸²à¸à¸³à¸ªà¸¥à¸±à¸à¸à¸¥à¹à¸¡à¹à¹à¸à¸£à¸²à¸°à¸¡à¸µà¸£à¸ªà¹à¸à¸£à¸µà¹à¸¢à¸§à¸à¸§à¹à¸²à¹à¸­à¸à¹à¸à¸´à¸¥à¹à¸à¸,à¸à¸¥à¹à¸¡à¹à¸£à¸¹à¸à¸à¸¥à¸¡à¸¡à¸µà¹à¸à¸¥à¸·à¸­à¸à¸ªà¸µà¹à¸à¸ à¹à¸à¸µà¸¢à¸§ à¸«à¸£à¸·à¸­à¹à¸«à¸¥à¸·à¸­à¸ à¹à¸à¸·à¹à¸­à¹à¸à¸à¸£à¸­à¸ à¸£à¸ªà¸«à¸§à¸²à¸à¸­à¸¡à¹à¸à¸£à¸µà¹à¸¢à¸§ à¸¡à¸µà¹à¸¡à¸¥à¹à¸à¸ªà¸µà¸à¹à¸³à¸à¸²à¸¥à¸­à¸¢à¸¹à¹à¸à¸£à¸à¸à¸¥à¸²à¸,https://cdn.shopify.com/s/files/1/1190/2252/files/sliced_green_apple_480x480.jpg?v=1644378653,apple,Food,Noun
à¸à¸²à¸,à¸à¸²à¸à¸à¸­à¸à¹à¸ªà¸²à¹à¸à¸à¹à¸­à¸à¸à¸±à¸à¸¥à¸¶à¸à¸¥à¸à¹à¸à¸à¸´à¸à¹à¸à¸·à¹à¸­à¹à¸«à¹à¹à¸ªà¸²à¸à¸±à¹à¸à¸à¸£à¸à¹à¸à¹,à¸ªà¹à¸§à¸à¸¥à¹à¸²à¸à¸ªà¸¸à¸à¸à¸µà¹à¸£à¸­à¸à¸£à¸±à¸à¸ªà¸´à¹à¸à¸à¹à¸²à¸à¹ à¹à¸«à¹à¸à¸±à¹à¸à¸­à¸¢à¸¹à¹à¹à¸à¹à¸­à¸¢à¹à¸²à¸à¸¡à¸±à¹à¸à¸à¸ à¸«à¸£à¸·à¸­à¸à¸¸à¸à¹à¸£à¸´à¹à¸¡à¸à¹à¸à¸à¸µà¹à¹à¸à¹à¸à¸à¸·à¹à¸à¸à¸­à¸à¸ªà¸´à¹à¸à¸à¹à¸²à¸à¹,https://i.pinimg.com/736x/a3/87/f2/a387f2389c5c01fd23c8852c5683a08e.jpg,bottom,Directions,Noun
à¹à¸¢à¹à¸,à¸­à¸²à¸à¸²à¸¨à¹à¸¢à¹à¸à¸ªà¸à¸²à¸¢à¸«à¸¥à¸±à¸à¸à¸à¸à¸à¸à¸³à¹à¸«à¹à¸à¸­à¸à¸«à¸¥à¸±à¸à¹à¸à¹à¸à¹à¸²à¸¢à¸à¸¶à¹à¸,à¸­à¸¸à¸à¸«à¸ à¸¹à¸¡à¸´à¸à¸µà¹à¸à¹à¸³à¸à¸§à¹à¸²à¸à¸à¸à¸´à¹à¸à¹à¹à¸¡à¹à¸à¸¶à¸à¸à¸±à¸à¸«à¸à¸²à¸§ à¸«à¸£à¸·à¸­à¸à¹à¸§à¸à¹à¸§à¸¥à¸²à¸à¸­à¸à¸à¸£à¸°à¸­à¸²à¸à¸´à¸à¸¢à¹à¹à¸à¸¥à¹à¸à¸,https://t4.ftcdn.net/jpg/06/71/10/97/240_F_671109768_Ge0mEZXyW9JZWK0J3y7opI5D6oGPqr5v.jpg,cold,Adjectives,Adjective
à¹à¸à¹à¸à¸à¸±à¸§,à¹à¸à¸²à¹à¸à¹à¹à¸§à¸¥à¸²à¹à¸à¹à¸à¸à¸±à¸§à¸à¸²à¸à¸¡à¸²à¸à¸à¸à¹à¸à¸·à¸­à¸à¹à¸à¸à¸²à¸à¸ªà¸²à¸¢,à¸. à¸ªà¸§à¸¡à¹à¸ªà¸·à¹à¸­à¸à¹à¸²à¸«à¸£à¸·à¸­à¸à¸£à¸°à¸à¸±à¸à¸à¸£à¸°à¸à¸²à¸£à¹à¸²à¸à¸à¸²à¸¢.,https://images.squarespace-cdn.com/content/v1/5325adefe4b0c0f6fcfdb257/1441464657295-NH91QLF99JX6NXSWTBB0/image-asset.jpeg,dress,Clothing,Noun
à¹à¸¡à¸©à¸²à¸¢à¸,à¹à¸à¸·à¸­à¸à¹à¸¡à¸©à¸²à¸¢à¸à¹à¸à¹à¸à¹à¸à¸·à¸­à¸à¸à¸µà¹à¸­à¸²à¸à¸²à¸¨à¸£à¹à¸­à¸à¸à¸±à¸,"à¸. à¸à¸·à¹à¸­à¹à¸à¸·à¸­à¸à¸à¸µà¹ à¹ à¸à¸²à¸¡à¸ªà¸¸à¸£à¸´à¸¢à¸à¸à¸´ à¸à¸¶à¹à¸à¹à¸£à¸´à¹à¸¡à¸à¹à¸§à¸¢à¹à¸à¸·à¸­à¸à¸¡à¸à¸£à¸²à¸à¸¡ à¸¡à¸µ à¹à¹ à¸§à¸±à¸, (à¹à¸¥à¸´à¸) à¸à¸·à¹à¸­à¹à¸à¸·à¸­à¸à¸à¸µà¹ à¹ à¸à¸²à¸¡à¸ªà¸¸à¸£à¸´à¸¢à¸à¸à¸´. (à¸ª. à¹à¸¡à¸© + à¸­à¸²à¸¢à¸).",hottestMonth.png,April,Months,Noun
à¸«à¸µà¸,à¸ à¸²à¸à¸à¸°à¸à¸à¸à¸´à¸ªà¸µà¹à¹à¸«à¸¥à¸µà¹à¸¢à¸¡à¸à¸³à¸à¸²à¸à¹à¸¡à¹ à¹à¸¥à¸«à¸° à¸«à¸£à¸·à¸­à¸§à¸±à¸ªà¸à¸¸à¸­à¸·à¹à¸ à¸¡à¸µà¸à¸²à¸à¸´à¸ à¹à¸à¹à¹à¸à¹à¸à¸«à¸£à¸·à¸­à¸à¸£à¸£à¸à¸¸à¸ªà¸´à¹à¸à¸à¸­à¸,à¸¢à¸²à¸¢à¹à¸à¹à¸à¹à¸à¸£à¸·à¹à¸­à¸à¸à¸£à¸°à¸à¸±à¸à¸à¸µà¹à¸¡à¸µà¸à¹à¸²à¹à¸§à¹à¹à¸à¸«à¸µà¸à¹à¸¡à¹à¸ªà¸±à¸à¹à¸à¹à¸²à¹à¸à¹,containersDifferentKinds.jpg,box,Home,Noun
à¸ªà¸µ,à¹à¸à¸²à¸à¸·à¹à¸¡à¹à¸à¸à¸²à¸°à¸à¸²à¹à¸à¸ªà¸µà¸à¸³à¹à¸à¹à¸²à¸à¸±à¹à¸à¹à¸¡à¹à¸à¸­à¸à¹à¸ªà¹à¸à¸¡à¸«à¸£à¸·à¸­à¸à¸£à¸µà¸¡,à¸¥à¸±à¸à¸©à¸à¸°à¸à¸µà¹à¸à¸²à¹à¸«à¹à¸à¹à¸¡à¸·à¹à¸­à¹à¸ªà¸à¸ªà¸°à¸à¹à¸­à¸à¸à¸²à¸à¸§à¸±à¸à¸à¸¸ à¹à¸à¹à¸ à¹à¸à¸ à¹à¸à¸µà¸¢à¸§ à¸à¹à¸³à¹à¸à¸´à¸ à¸à¸²à¸§ à¸à¸³,https://cdn.prod.website-files.com/665f0c190f88f7b2877adf23/68b1763f92dcce46832566f3_colour%20wheel.png,color,Color,Noun
à¸à¸·à¹à¸¡,à¸«à¸¡à¸­à¹à¸à¸°à¸à¸³à¹à¸«à¹à¸à¸·à¹à¸¡à¸à¹à¸³à¸­à¸¢à¹à¸²à¸à¸à¹à¸­à¸¢à¸§à¸±à¸à¸¥à¸°à¹à¸à¸à¹à¸à¹à¸§à¹à¸à¸·à¹à¸­à¸ªà¸¸à¸à¸ à¸²à¸,à¸à¸²à¸£à¸à¸¥à¸·à¸à¸à¸­à¸à¹à¸«à¸¥à¸§à¹à¸à¹à¸²à¹à¸à¹à¸à¸£à¹à¸²à¸à¸à¸²à¸¢à¸à¸²à¸à¸à¸²à¸ à¹à¸à¸·à¹à¸­à¹à¸à¹à¸à¸£à¸°à¸«à¸²à¸¢à¸«à¸£à¸·à¸­à¸£à¸±à¸à¸à¸£à¸°à¸à¸²à¸à¹à¸à¸£à¸·à¹à¸­à¸à¸à¸·à¹à¸¡,https://www.hindustantimes.com/ht-img/img/2025/08/14/550x309/DIAGEO-CEO--0_1755165374839_1755165441192.JPG,drink,Verbs,Verb
à¹à¸à¸,à¹à¸à¸²à¸«à¸±à¸à¹à¸à¸à¸à¹à¸²à¸¢à¸à¸²à¸à¸­à¸¸à¸à¸±à¸à¸´à¹à¸«à¸à¸¸à¸£à¸à¸à¸±à¸à¸£à¸¢à¸²à¸à¸¥à¹à¸¡,à¸­à¸§à¸±à¸¢à¸§à¸°à¸ªà¹à¸§à¸à¸à¸à¸à¸­à¸à¸£à¹à¸²à¸à¸à¸²à¸¢à¸à¸µà¹à¸¢à¸·à¹à¸à¸­à¸­à¸à¸¡à¸²à¸à¸²à¸à¹à¸«à¸¥à¹à¸à¸¶à¸à¸¡à¸·à¸­ à¹à¸à¹à¸«à¸¢à¸´à¸à¸à¸±à¸à¸ªà¸´à¹à¸à¸à¸­à¸à¹à¸¥à¸°à¸à¸³à¸à¸´à¸à¸à¸£à¸£à¸¡à¸à¹à¸²à¸à¹,https://t3.ftcdn.net/jpg/02/78/60/44/360_F_278604495_EqYWEhyz2KEFSkIlf7CEO2p18OfCuyMz.jpg,arm,Body,Noun
à¹à¸à¹à¸à¸à¸²à¸¢,à¹à¸à¹à¸à¸à¸²à¸¢à¸à¸à¸à¸±à¹à¸à¸à¸­à¸à¹à¸à¸°à¸à¸¸à¸à¸à¸­à¸¥à¸à¸±à¸à¹à¸à¸·à¹à¸­à¸à¸«à¸¥à¸±à¸à¹à¸¥à¸´à¸à¹à¸£à¸µà¸¢à¸à¸à¸¸à¸à¸§à¸±à¸,à¹à¸à¹à¸à¹à¸à¸¨à¸à¸²à¸¢à¸à¸µà¹à¸¢à¸±à¸à¹à¸¡à¹à¸à¸£à¸£à¸¥à¸¸à¸à¸´à¸à¸´à¸ à¸²à¸§à¸° à¸­à¸²à¸¢à¸¸à¸à¸±à¹à¸à¹à¸à¹à¹à¸£à¸à¹à¸à¸´à¸à¸à¸à¸à¸¶à¸à¸à¸£à¸°à¸¡à¸²à¸à¸ªà¸´à¸à¹à¸à¸à¸à¸µ,https://img.freepik.com/premium-photo/chinese-child-boy-white-background_894067-26394.jpg,boy,People,Noun
à¸à¸­à¸¡à¸à¸´à¸§à¹à¸à¸­à¸£à¹,à¸à¸­à¸¡à¸à¸´à¸§à¹à¸à¸­à¸£à¹à¸à¸­à¸à¹à¸à¸²à¹à¸ªà¸µà¸¢à¸à¹à¸­à¸¢à¹à¸à¸£à¸²à¸°à¹à¸à¹à¸à¸²à¸à¸¡à¸²à¸à¸²à¸à¸à¸§à¹à¸²à¸ªà¸´à¸à¸à¸µà¹à¸¥à¹à¸§,à¹à¸à¸£à¸·à¹à¸­à¸à¸­à¸´à¹à¸¥à¹à¸à¸à¸£à¸­à¸à¸´à¸à¸ªà¹à¸à¸µà¹à¸à¸£à¸°à¸¡à¸§à¸¥à¸à¸¥à¸à¹à¸­à¸¡à¸¹à¸¥à¸à¸²à¸¡à¸à¸³à¸ªà¸±à¹à¸ à¸ªà¸²à¸¡à¸²à¸£à¸à¹à¸à¹à¸à¸à¹à¸­à¸¡à¸¹à¸¥ à¸à¸³à¸à¸§à¸ à¹à¸¥à¸°à¹à¸ªà¸à¸à¸à¸¥à¹à¸à¹,pcInKitchenCleveland.PNG,computer,Electronics,Noun
à¸à¸±à¸,à¸à¹à¸­à¸à¸±à¸à¸£à¸à¹à¸à¹à¸à¸¡à¸²à¸à¹à¸¡à¹à¹à¸à¸¢à¹à¸à¸´à¸à¸­à¸¸à¸à¸±à¸à¸´à¹à¸«à¸à¸¸à¹à¸¥à¸¢à¹à¸à¸ªà¸²à¸¡à¸ªà¸´à¸à¸à¸µ,à¸à¸²à¸£à¸à¸§à¸à¸à¸¸à¸¡à¸¢à¸²à¸à¸à¸²à¸«à¸à¸°à¹à¸«à¹à¹à¸à¸¥à¸·à¹à¸­à¸à¸à¸µà¹à¹à¸à¹à¸à¸à¸´à¸¨à¸à¸²à¸à¸à¸µà¹à¸à¹à¸­à¸à¸à¸²à¸£ à¹à¸à¹à¸ à¸£à¸à¸¢à¸à¸à¹ à¸£à¸à¸à¸±à¸à¸£à¸¢à¸²à¸à¸¢à¸à¸à¹,https://carfromjapan.com/wp-content/uploads/2019/11/right-hand-driving-in-japan.jpg,drive,Verbs,Verb
à¸à¸­à¸à¸à¸³à¸¥à¸±à¸,à¸à¸­à¸à¸à¸³à¸¥à¸±à¸à¸à¸²à¸à¸à¸«à¸²à¸£à¸à¸¶à¹à¸à¹à¸à¹à¸à¸à¸²à¸¡à¸¥à¸±à¸à¸©à¸à¸°à¹à¸à¸à¸²à¸°à¸à¸­à¸à¸à¸²à¸,à¹à¸à¸²à¸à¸³à¸à¸²à¸à¹à¸«à¹à¸à¸±à¸à¸à¸­à¸à¸à¸³à¸¥à¸±à¸à¸à¹à¸­à¸à¸à¸±à¸à¸£à¸²à¸à¸­à¸²à¸à¸²à¸à¸±à¸à¸£,https://pbs.twimg.com/media/EdYrbZ8UYAEPQlx?format=jpg&name=large,army,Job,Noun
à¸ªà¸¡à¸­à¸,à¸à¸²à¸£à¹à¸à¸µà¸¢à¸à¹à¸à¸£à¹à¸à¸£à¸¡à¸à¸­à¸¡à¸à¸´à¸§à¹à¸à¸­à¸£à¹ à¸«à¸£à¸·à¸­à¸à¸²à¸£à¸à¸±à¸à¸£à¸à¸¥à¹à¸§à¸à¹à¸à¹à¸à¸à¸´à¸à¸à¸£à¸£à¸¡à¸à¸µà¹à¸à¹à¸­à¸à¹à¸à¹à¸ªà¸¡à¸­à¸à¸à¸±à¹à¸à¸ªà¸´à¹à¸,"(à¹) [à¸ªà¸°à¸«à¸ºà¸¡à¸­à¸] à¸. à¸­à¸§à¸±à¸¢à¸§à¸°à¸à¸µà¹à¸­à¸¢à¸¹à¹à¸ à¸²à¸¢à¹à¸à¸à¸°à¹à¸«à¸¥à¸à¸¨à¸µà¸£à¸©à¸° à¹à¸à¸·à¹à¸­à¸à¸¸à¹à¸¡ à¸«à¸¢à¸¸à¹à¸ à¸¥à¸±à¸à¸©à¸à¸°à¹à¸à¹à¸à¸¥à¸­à¸ à¹à¸à¹à¸à¸¨à¸¹à¸à¸¢à¹à¸£à¸§à¸¡à¸£à¸°à¸à¸à¸à¸£à¸°à¸ªà¸²à¸, à¸¡à¸±à¸à¸ªà¸¡à¸­à¸ à¸à¹à¸§à¹à¸², à¸ à¸²à¸©à¸²à¸à¸²à¸à¸§à¹à¸² à¸à¸¡à¸­à¸; (à¹) à¸. à¹à¸à¸¢à¸à¸£à¸´à¸¢à¸²à¸¢à¸«à¸¡à¸²à¸¢à¸à¸§à¸²à¸¡à¸§à¹à¸² à¸à¸±à¸à¸à¸²à¸à¸§à¸²à¸¡à¸à¸´à¸ à¹à¸à¹à¸ à¹à¸à¸²à¹à¸à¹à¸à¸à¸à¸ªà¸¡à¸­à¸à¸à¸µ, à¸¡à¸±à¸à¸ªà¸¡à¸­à¸ à¸«à¸£à¸·à¸­ à¸«à¸±à¸§à¸ªà¸¡à¸­à¸ à¸à¹à¸§à¹à¸².",https://www.ninds.nih.gov/sites/default/files/styles/half_width_small/public/2022-04/KYB_Brain_Basics_Brain040522.png?itok=geqsoubE,brain,Body,Noun
à¸à¸¢à¸±à¸à¸à¸à¸°,à¹à¸à¹à¸à¹ à¸à¹à¸­à¸à¹à¸£à¸µà¸¢à¸à¸à¸¢à¸±à¸à¸à¸à¸°à¹à¸à¸¢à¸à¸±à¹à¸à¸ªà¸µà¹à¸ªà¸´à¸à¸ªà¸µà¹à¸à¸±à¸§à¸à¹à¸­à¸à¸à¸°à¹à¸£à¸µà¸¢à¸à¸ªà¸£à¸°,à¸à¸±à¸§à¸­à¸±à¸à¸©à¸£à¸à¸µà¹à¹à¸à¹à¹à¸à¸à¹à¸ªà¸µà¸¢à¸à¸à¸µà¹à¹à¸à¸´à¸à¸à¸²à¸à¸à¸²à¸£à¸à¸±à¹à¸à¸«à¸£à¸·à¸­à¸à¸´à¸à¸à¸±à¹à¸à¸¥à¸¡à¹à¸à¸à¸²à¸ à¹à¸à¸ à¸²à¸©à¸²à¹à¸à¸¢à¸¡à¸µà¸ªà¸µà¹à¸ªà¸´à¸à¸ªà¸µà¹à¸à¸±à¸§ à¹à¸à¹à¸ à¸ à¸ à¸,https://i.etsystatic.com/5228174/r/il/0be761/5141118625/il_1080xN.5141118625_rwqq.jpg,consonant,Misc Nouns,Noun
à¸¢à¸²à¹à¸ªà¸à¸à¸´à¸,à¸à¸³à¸£à¸§à¸à¸à¸±à¸à¸à¸¥à¸¸à¹à¸¡à¸à¸µà¹à¸¥à¸±à¸à¸¥à¸­à¸à¸à¸²à¸¢à¸¢à¸²à¹à¸ªà¸à¸à¸´à¸à¹à¸à¸¥à¹à¹à¸£à¸à¹à¸£à¸µà¸¢à¸,à¸ªà¸²à¸£à¹à¸à¸¡à¸µà¸«à¸£à¸·à¸­à¸ªà¸²à¸£à¸à¸£à¸£à¸¡à¸à¸²à¸à¸´à¸à¸µà¹à¸­à¸­à¸à¸¤à¸à¸à¸´à¹à¸à¹à¸­à¸£à¸°à¸à¸à¸à¸£à¸°à¸ªà¸²à¸à¹à¸¥à¸°à¸à¸´à¸à¹à¸ à¸à¸³à¹à¸«à¹à¹à¸à¸´à¸à¸à¸§à¸²à¸¡à¸£à¸¹à¹à¸ªà¸¶à¸à¹à¸à¸¥à¸µà¹à¸¢à¸à¹à¸à¸¥à¸ à¸ªà¹à¸§à¸à¹à¸«à¸à¹à¸à¸´à¸à¸à¸à¸«à¸¡à¸²à¸¢,https://asean.org/wp-content/uploads/2022/02/istockphoto-1184787665-612x612-1.jpg,drug,Society,Noun
à¸¨à¸´à¸¥à¸à¹,à¹à¸à¸²à¹à¸£à¸µà¸¢à¸à¸¨à¸´à¸¥à¸à¹à¸¡à¸²à¸à¸±à¹à¸à¹à¸à¹à¹à¸à¹à¸à¹à¸¥à¸°à¸à¸­à¸à¸à¸µà¹à¹à¸à¹à¸à¸à¸´à¸à¸£à¸à¸£à¸à¸µà¹à¸¡à¸µà¸à¸·à¹à¸­à¹à¸ªà¸µà¸¢à¸,à¸à¸²à¸à¸ªà¸£à¹à¸²à¸à¸ªà¸£à¸£à¸à¹à¸à¸µà¹à¹à¸ªà¸à¸à¸­à¸­à¸à¸à¸¶à¸à¸à¸§à¸²à¸¡à¸à¸²à¸¡ à¸à¸§à¸²à¸¡à¸à¸´à¸ à¹à¸¥à¸°à¸­à¸²à¸£à¸¡à¸à¹à¸à¹à¸²à¸à¸£à¸¹à¸à¹à¸à¸à¸à¹à¸²à¸à¹ à¹à¸à¹à¸ à¸ à¸²à¸à¸§à¸²à¸ à¸à¸à¸à¸£à¸µ à¸à¸£à¸°à¸à¸´à¸¡à¸²à¸à¸£à¸£à¸¡,space_dance.jpeg,art,Art,Noun
à¸à¸à¸¡à¸à¸±à¸,à¹à¸¡à¹à¸à¸·à¹à¸­à¸à¸à¸¡à¸à¸±à¸à¹à¸®à¸¥à¸§à¸µà¸à¸¡à¸²à¸à¸³à¹à¸à¸à¸à¹à¸§à¸´à¸à¹à¸«à¹à¸¥à¸¹à¸à¸à¸´à¸à¸à¹à¸­à¸à¹à¸à¹à¸£à¸à¹à¸£à¸µà¸¢à¸,à¸­à¸²à¸«à¸²à¸£à¸à¸µà¹à¸à¸³à¸à¸²à¸à¹à¸à¹à¸à¸ªà¸²à¸¥à¸µà¸à¸ªà¸¡à¸à¹à¸³à¹à¸¥à¸°à¸¢à¸µà¸ªà¸à¹ à¸à¸§à¸à¹à¸¥à¹à¸§à¸à¸³à¹à¸à¸­à¸à¸à¸à¸à¸¹à¹à¸¥à¸°à¸ªà¸¸à¸ à¸¡à¸±à¸à¹à¸à¹à¹à¸à¹à¸à¸­à¸²à¸«à¸²à¸£à¹à¸à¹à¸²,https://caputoflour.com/cdn/shop/articles/Artisan_Sourdough_-_Stock_72dpi_05563614-6e31-41e4-8316-ce177a139adc.jpg?v=1742579544,bread,Food,Noun
à¸ªà¸±à¸à¸à¸²,à¸à¸£à¸´à¸©à¸±à¸à¸à¹à¸­à¸à¸à¹à¸²à¸¢à¸à¹à¸²à¸à¸£à¸±à¸à¹à¸à¸£à¸²à¸°à¸¢à¸à¹à¸¥à¸´à¸à¸ªà¸±à¸à¸à¸²à¸à¹à¸­à¸à¸à¸£à¸à¸à¸³à¸«à¸à¸,à¸à¹à¸­à¸à¸à¸¥à¸à¸£à¸°à¸«à¸§à¹à¸²à¸à¸à¸¸à¸à¸à¸¥à¸à¸±à¹à¸à¹à¸à¹à¸ªà¸­à¸à¸à¹à¸²à¸¢à¸à¸¶à¹à¸à¹à¸à¸à¸µà¹à¸¡à¸µà¸à¸¥à¸à¸¹à¸à¸à¸±à¸à¸à¸²à¸¡à¸à¸à¸«à¸¡à¸²à¸¢ à¸à¸³à¸«à¸à¸à¸ªà¸´à¸à¸à¸´à¹à¸¥à¸°à¸«à¸à¹à¸²à¸à¸µà¹à¸à¸­à¸à¹à¸à¹à¸¥à¸°à¸à¹à¸²à¸¢,https://www.dottedsign.com/blog/wp-content/uploads/2023/11/sign-contract-scaled.jpg,contract,Society,Noun
à¹à¸«à¹à¸,à¸à¹à¸²à¸à¸µà¹à¸à¸²à¸à¹à¸§à¹à¸à¸à¸£à¸²à¸§à¹à¸«à¹à¸à¹à¸£à¹à¸§à¸¡à¸²à¸à¹à¸à¸£à¸²à¸°à¹à¸à¸à¸à¸±à¸à¸à¸±à¹à¸à¸§à¸±à¸,à¸ªà¸ à¸²à¸à¸à¸µà¹à¹à¸¡à¹à¸¡à¸µà¸à¹à¸³à¸«à¸£à¸·à¸­à¸à¸§à¸²à¸¡à¸à¸·à¹à¸ à¹à¸¡à¹à¹à¸à¸µà¸¢à¸ à¸à¸²à¸à¸à¸§à¸²à¸¡à¸à¸¸à¹à¸¡à¸à¸·à¹à¸,https://www.localfutures.org/wp-content/uploads/redcharlie-redcharlie1-HxxmKwvUbgI-unsplash-819x1024.jpg,dry,Adjectives,Adjective
,,,,artist,Job,Noun
,,,,break,Verbs,Verb
,,,,cook,Verbs,Verb
,,,,dust,Materials,Noun
,,,,attack,Verbs,Verb
,,,,breakfast,Food,Noun
,,,,cool,Adjectives,
,,,,ear,Body,
,,,,August,Months,
,,,,bridge,Location,
,,,,copper,Materials,
,,,,Earth,Nature,
,,,,author,Job,
,,,,brother,People,
,,,,corn,Food,
,,,,east,Directions,
,,,,baby,People,
,,,,brown,Color,
,,,,corner,Math/Measurements,
,,,,eat,Verbs,
,,,,back,Body,
,,,,build,Verbs,
,,,,count,Verbs,
,,,,edge,Math/Measurements,
,,,,back,Body,
,,,,building,Location,
,,,,country,Location,
,,,,egg,Food,
,,,,bad,Adjectives,
,,,,burn,Verbs,
,,,,court,Location,
,,,,eight,Numbers,
,,,,bag,Home,
,,,,bus,Transportation,
,,,,cow,Animal,
,,,,eighteen,Numbers,
,,,,ball,Society,
,,,,buy,Verbs,
,,,,crowd,People,
,,,,eighty,Numbers,
,,,,banana,Food,
,,,,cake,Food,
,,,,cry,Verbs,
,,,,election,Society,
,,,,band,Art,
,,,,call,Verbs,
,,,,cup,Food,
,,,,electronics,Misc Nouns,
,,,,bank,Location,
,,,,camera,Electronics,
,,,,curved,Adjectives,
,,,,eleven,Numbers,
,,,,bar,Location,
,,,,camp,Location,
,,,,cut,Verbs,
,,,,energy,Society,
,,,,bathroom,Home,
,,,,car,Transportation,
,,,,dance,Verbs,
,,,,engine,Transportation,
,,,,beach,Nature,
,,,,card,Home,
,,,,dark,Adjectives,
,,,,evening,Time,
,,,,beard,Body,
,,,,carry,Verbs,
,,,,date,Math/Measurements,
,,,,exercise,Society,
,,,,beat,Verbs,
,,,,cat,Animal,
,,,,daughter,People,
,,,,expensive,Adjectives,
,,,,beautiful,Adjectives,
,,,,catch,Verbs,
,,,,day,Time,
,,,,explode,Verbs,
,,,,bed,Home,
,,,,ceiling,Home,
,,,,dead,Adjectives,
,,,,eye,Body,
,,,,bedroom,Home,
,,,,cell phone,Electronics,
,,,,deaf,Adjectives,
,,,,face,Body,
,,,,beef,Food,
,,,,centimeter,Math/Measurements,
,,,,death,Society,
,,,,fall,Verbs,
,,,,beer,Beverages,
,,,,chair,Home,
,,,,December,Months,
,,,,fall,Verbs,
,,,,bend,Verbs,
,,,,cheap,Adjectives,
,,,,deep,Adjectives,
,,,,family,People,
,,,,beverage,Beverages,
,,,,cheese,Food,
,,,,diamond,Materials,
,,,,famous,Adjectives,
,,,,bicycle,Transportation,
,,,,chicken,Food,
,,,,die,Verbs,
,,,,fan,People,
,,,,big/large,Adjectives,
,,,,child,People,
,,,,dig,Verbs,
,,,,fan,People,
,,,,bill,Society,
,,,,church,Location,
,,,,dinner,Food,
,,,,farm,Location,
,,,,billion,Numbers,
,,,,circle,Math/Measurements,
,,,,direction,Directions,
,,,,fast,Adjectives,
,,,,bird,Animal,
,,,,city,Location,
,,,,dirty,Adjectives,
,,,,father,People,
,,,,February,Months,
,,,,hair,Body,
,,,,kitchen,Home,
,,,,million,Numbers,
,,,,feed,Verbs,
,,,,half,Math/Measurements,
,,,,knee,Body,
,,,,minute,Time,
,,,,female,Adjectives,
,,,,hand,Body,
,,,,knife,Food,
,,,,mix/stir,Verbs,
,,,,fifteen,Numbers,
,,,,hang,Verbs,
,,,,lake,Nature,
,,,,Monday,Days of the week,
,,,,fifth,Numbers,
,,,,happy,Adjectives,
,,,,lamp,Electronics,
,,,,money,Society,
,,,,fifty,Numbers,
,,,,hard,Adjectives,
,,,,laptop,Electronics,
,,,,month,Time,
,,,,fight,Verbs,
,,,,hat,Clothing,
,,,,laugh,Verbs,
,,,,moon,Nature,
,,,,find,Verbs,
,,,,he,Pronouns,
,,,,lawyer,Job,
,,,,morning,Time,
,,,,finger,Body,
,,,,head,Body,
,,,,leaf,Nature,
,,,,mother,People,
,,,,fire,Nature,
,,,,healthy,Adjectives,
,,,,learn,Verbs,
,,,,mountain,Nature,
,,,,first,Numbers,
,,,,hear,Verbs,
,,,,left,Directions,
,,,,mouse,Animal,
,,,,fish,Animal,
,,,,heart,Body,
,,,,leg,Body,
,,,,mouth,Body,
,,,,five,Numbers,
,,,,heat,Nature,
,,,,lemon,Food,
,,,,movie,Art,
,,,,flat,Adjectives,
,,,,heaven,Society,
,,,,letter,Home,
,,,,murder,Society,
,,,,floor,Home,
,,,,heavy,Adjectives,
,,,,library,Location,
,,,,music,Art,
,,,,flower,Nature,
,,,,hell,Society,
,,,,lie down,Verbs,
,,,,narrow,Adjectives,
,,,,fly,Verbs,
,,,,high,Adjectives,
,,,,lift,Verbs,
,,,,nature,Nature,
,,,,follow,Verbs,
,,,,hill,Nature,
,,,,light,Misc Nouns,
,,,,neck,Body,
,,,,food,Food,
,,,,hole,Misc Nouns,
,,,,light,Misc Nouns,
,,,,needle,Home,
,,,,foot,Body,
,,,,horse,Animal,
,,,,light,Misc Nouns,
,,,,neighbor,People,
,,,,foot,Body,
,,,,hospital,Location,
,,,,lip,Body,
,,,,network,Electronics,
,,,,forest,Nature,
,,,,hot,Adjectives,
,,,,listen,Verbs,
,,,,new,Adjectives,
,,,,fork,Food,
,,,,hotel,Location,
,,,,location,Location,
,,,,newspaper,Society,
,,,,forty,Numbers,
,,,,hour,Time,
,,,,lock,Home,
,,,,nice,Adjectives,
,,,,four,Numbers,
,,,,house,Location,
,,,,long,Adjectives,
,,,,night,Time,
,,,,fourteen,Numbers,
,,,,human,People,
,,,,loose,Adjectives,
,,,,nine,Numbers,
,,,,fourth,Numbers,
,,,,hundred,Numbers,
,,,,lose,Verbs,
,,,,nineteen,Numbers,
,,,,Friday,Days of the week,
,,,,husband,People,
,,,,loud,Adjectives,
,,,,ninety,Numbers,
,,,,friend,People,
,,,,I,Pronouns,
,,,,love,Verbs,
,,,,no,Misc Nouns,
,,,,front,Directions,
,,,,ice,Nature,
,,,,low,Adjectives,
,,,,north,Directions,
,,,,game,Society,
,,,,image,Misc Nouns,
,,,,lunch,Food,
,,,,nose,Body,
,,,,garden,Home,
,,,,inch,Math/Measurements,
,,,,magazine,Society,
,,,,note,Home,
,,,,gasoline,Transportation,
,,,,injury,Misc Nouns,
,,,,male,Adjectives,
,,,,November,Months,
,,,,gift,Home,
,,,,inside,Directions,
,,,,man,People,
,,,,nuclear,Adjectives,
,,,,girl,People,
,,,,instrument,Art,
,,,,manager,Job,
,,,,number,Numbers,
,,,,glass,Materials,
,,,,island,Nature,
,,,,map,Misc Nouns,
,,,,ocean,Nature,
,,,,go,Verbs,
,,,,it,Pronouns,
,,,,March,Months,
,,,,October,Months,
,,,,God,Society,
,,,,January,Months,
,,,,market,Location,
,,,,office,Location,
,,,,gold,Materials,
,,,,job,Job,
,,,,marriage,Society,
,,,,oil,Food,
,,,,good,Adjectives,
,,,,juice,Beverages,
,,,,marry,Verbs,
,,,,old,Adjectives,
,,,,grandfather,People,
,,,,July,Months,
,,,,material,Materials,
,,,,old,Adjectives,
,,,,grandmother,People,
,,,,jump,Verbs,
,,,,May,Months,
,,,,one,Numbers,
,,,,grass,Nature,
,,,,June,Months,
,,,,mean,Adjectives,
,,,,open,Verbs,
,,,,gray,Color,
,,,,key,Home,
,,,,medicine,Society,
,,,,orange,Color,
,,,,green,Color,
,,,,kill,Verbs,
,,,,melt,Verbs,
,,,,orange,Color,
,,,,ground,Location,
,,,,kilogram,Math/Measurements,
,,,,metal,Materials,
,,,,outside,Directions,
,,,,grow,Verbs,
,,,,king,People,
,,,,meter,Math/Measurements,
,,,,page,Home,
,,,,gun,Society,
,,,,kiss,Verbs,
,,,,milk,Beverages,
,,,,pain,Misc Nouns,
,,,,paint,Home,
,,,,rice,Food,
,,,,six,Numbers,
,,,,tea,Beverages,
,,,,pants,Clothing,
,,,,rich,Adjectives,
,,,,sixteen,Numbers,
,,,,teach,Verbs,
,,,,paper,Home,
,,,,right,Directions,
,,,,sixty,Numbers,
,,,,teacher,Job,
,,,,parent,People,
,,,,ring,Home,
,,,,skin,Body,
,,,,team,Society,
,,,,park,Location,
,,,,river,Nature,
,,,,skirt,Clothing,
,,,,tear,Body,
,,,,pass,Verbs,
,,,,roof,Home,
,,,,sky,Nature,
,,,,technology,Society,
,,,,patient,Job,
,,,,room,Location,
,,,,sleep,Verbs,
,,,,telephone,Home,
,,,,pattern,Misc Nouns,
,,,,root,Nature,
,,,,slow,Adjectives,
,,,,television,Electronics,
,,,,pay,Verbs,
,,,,run,Verbs,
,,,,small/little,Adjectives,
,,,,temperature,Math/Measurements,
,,,,peace,Society,
,,,,sad,Adjectives,
,,,,smell,Verbs,
,,,,ten,Numbers,
,,,,pen,Home,
,,,,salt,Food,
,,,,smile,Verbs,
,,,,theater,Location,
,,,,pencil,Home,
,,,,sand,Nature,
,,,,snow,Nature,
,,,,they,Pronouns,
,,,,person,People,
,,,,Saturday,Days of the week,
,,,,soap,Home,
,,,,thick,Adjectives,
,,,,photograph,Home,
,,,,school,Location,
,,,,soft,Adjectives,
,,,,thin,Adjectives,
,,,,piece,Misc Nouns,
,,,,science,Society,
,,,,soil/earth,Nature,
,,,,think,Verbs,
,,,,pig,Animal,
,,,,screen,Electronics,
,,,,soldier,Job,
,,,,third,Numbers,
,,,,pink,Color,
,,,,sea,Nature,
,,,,son,People,
,,,,thirteen,Numbers,
,,,,plane,Transportation,
,,,,season,Seasons,
,,,,song,Art,
,,,,thirty,Numbers,
,,,,plant,Nature,
,,,,second,Time,
,,,,sound,Misc Nouns,
,,,,thousand,Numbers,
,,,,plastic,Materials,
,,,,second,Time,
,,,,soup,Food,
,,,,three,Numbers,
,,,,plate,Food,
,,,,secretary,Job,
,,,,south,Directions,
,,,,throw,Verbs,
,,,,play,Verbs,
,,,,see,Verbs,
,,,,space,Location,
,,,,Thursday,Days of the week,
,,,,player,People,
,,,,seed,Food,
,,,,speak/say,Verbs,
,,,,ticket,Transportation,
,,,,pocket,Clothing,
,,,,sell,Verbs,
,,,,spoon,Food,
,,,,tight,Adjectives,
,,,,poison,Society,
,,,,September,Months,
,,,,sport,Society,
,,,,time,Time,
,,,,police,Job,
,,,,seven,Numbers,
,,,,spring,Seasons,
,,,,tire,Transportation,
,,,,pool,Home,
,,,,seventeen,Numbers,
,,,,square,Math/Measurements,
,,,,toe,Body,
,,,,poor,Adjectives,
,,,,seventy,Numbers,
,,,,stain,Clothing,
,,,,tongue,Body,
,,,,pork,Food,
,,,,sex,Society,
,,,,stand,Verbs,
,,,,tool,Home,
,,,,pound,Math/Measurements,
,,,,sex,Society,
,,,,star,Nature,
,,,,tooth,Body,
,,,,pray,Verbs,
,,,,shake,Verbs,
,,,,stone,Materials,
,,,,top,Directions,
,,,,president,People,
,,,,shallow,Adjectives,
,,,,stop,Verbs,
,,,,touch,Verbs,
,,,,price,Society,
,,,,she,Pronouns,
,,,,store/shop,Location,
,,,,town,Location,
,,,,priest,Job,
,,,,ship,Transportation,
,,,,straight,Directions,
,,,,train,Transportation,
,,,,prison,Society,
,,,,shirt,Clothing,
,,,,street/road,Location,
,,,,train station,Location,
,,,,program,Electronics,
,,,,shoes,Clothing,
,,,,strong,Adjectives,
,,,,transportation,Transportation,
,,,,pull,Verbs,
,,,,shoot,Verbs,
,,,,student,Job,
,,,,tree,Nature,
,,,,push,Verbs,
,,,,short,Adjectives,
,,,,sugar,Food,
,,,,truck,Transportation,
,,,,queen,People,
,,,,short,Adjectives,
,,,,suit,Clothing,
,,,,Tuesday,Days of the week,
,,,,quiet,Adjectives,
,,,,shoulder,Body,
,,,,summer,Seasons,
,,,,turn,Verbs,
,,,,race,Society,
,,,,sick,Adjectives,
,,,,sun,Nature,
,,,,twelve,Numbers,
,,,,race,Society,
,,,,side,Directions,
,,,,Sunday,Days of the week,
,,,,twenty,Numbers,
,,,,radio,Electronics,
,,,,sign,Society,
,,,,sweat,Body,
,,,,twenty â one,Numbers,
,,,,rain,Nature,
,,,,sign,Society,
,,,,swim,Verbs,
,,,,two,Numbers,
,,,,red,Color,
,,,,silver,Materials,
,,,,T-shirt,Clothing,
,,,,ugly,Adjectives,
,,,,religion,Society,
,,,,sing,Verbs,
,,,,table,Home,
,,,,university,Location,
,,,,reporter,Job,
,,,,sister,People,
,,,,tall,Adjectives,
,,,,up,Directions,
,,,,restaurant,Location,
,,,,sit,Verbs,
,,,,taste,Verbs,
,,,,valley,Nature,
,,,,verb,Misc Nouns,
,,,,watch,Verbs,
,,,,wet,Adjectives,
,,,,wood,Materials,
,,,,victim,People,
,,,,water,Beverages,
,,,,white,Color,
,,,,work,Verbs,
,,,,voice,Body,
,,,,wave,Nature,
,,,,wide,Adjectives,
,,,,world,Nature,
,,,,vowel,Misc Nouns,
,,,,we,Pronouns,
,,,,wife,People,
,,,,write,Verbs,
,,,,waiter,Job,
,,,,weak,Adjectives,
,,,,win,Verbs,
,,,,yard,Home,
,,,,wake up,Verbs,
,,,,wear,Verbs,
,,,,wind,Nature,
,,,,year,Time,
,,,,walk,Verbs,
,,,,wedding,Society,
,,,,window,Home,
,,,,yellow,Color,
,,,,wall,Home,
,,,,Wednesday,Days of the week,
,,,,wine,Beverages,
,,,,yes,Misc Nouns,
,,,,war,Society,
,,,,week,Time,
,,,,wing,Animal,
,,,,you,Pronouns,
,,,,warm,Adjectives,
,,,,weight,Math/Measurements,
,,,,winter,Seasons,
,,,,young,Adjectives,
,,,,wash,Verbs,
,,,,west,Directions,
,,,,woman,People,
,,,,zero,Numbers,